Restaurant name,2024 In-App Revenue,Estimated Share of Revenue (in %),Estimated Total Delivery Revenue,Loyalty,Size
Serrano's Fresco Grill,257.4,55,468,Average,Small
La Playa Mexican Cafe,261.855,55,476.1,Average,Small
El Super Burrito,388.08,80,485.1,High,Small
La Tiendita,263.7,50,527.4,Average,Small
Fiesta Fresh Mexican Grill,331.56,60,552.6,Average,Small
Cocobolos Woodfired Grill & Cantina,476.595,85,560.7,High,Small
Hot Rod Grill,114.48,20,572.4,Low,Small
Casa De Pico,335.61,55,610.2,Average,Small
Cebolla's Mexican Grill,246.24,40,615.6,Average,Small
Fresh Tortilla Taco,436.41,65,671.4,Average,Small
El Burro Picante,369.27,55,671.4,Average,Small
CoCo Bolos,632.61,90,702.9,High,Small
Fuego Cocina Y Tequileria,574.56,80,718.2,High,Small
Senor Fish,582.48,80,728.1,High,Small
La Encantada Mexican Cuisine,452.52,60,754.2,Average,Small
Burrito Loco,379.35,50,758.7,Average,Small
Yucatan Taco Stand,608.4,80,760.5,High,Small
Taqueria Guaymas,271.845,35,776.7,Low,Small
Armando's Restaurant,591.3,75,788.4,High,Small
Diamond Dave's,397.35,50,794.7,Average,Small
Pepe Pepe,716.85,90,796.5,High,Small
Monterrey Mexican Restaurant,757.35,90,841.5,High,Small
Cactus Flower Cafe,552.24,65,849.6,Average,Small
Habanero's Grill & Cantina,605.43,70,864.9,High,Small
Tacos El Unico,756,80,945,High,Small
Pedro's Tacos,880.47,90,978.3,High,Small
Dia De Campo,149.85,15,999,Low,Small
El Huipil,354.06,35,"1,011.60",Low,Small
Agave Maria Restaurant & Cantina,831.6,80,"1,039.50",High,Small
Tacombi At Fonda Nolita,260.325,25,"1,041.30",Low,Small
Taqueria La Famosa,766.71,70,"1,095.30",High,Small
Three Brothers Tacos,642.015,55,"1,167.30",Average,Small
Oba Restaurante,994.5,85,"1,170.00",High,Small
Los Pinos Taco Shop,764.595,65,"1,176.30",Average,Small
La Bodega,176.715,15,"1,178.10",Low,Small
Alberto's,556.875,45,"1,237.50",Average,Small
Luna Maya,940.95,75,"1,254.60",High,Small
Club Casa Cafe,1071,85,"1,260.00",High,Small
Taqueria,257.4,20,"1,287.00",Low,Small
Tequilas Cantina and Grill,845.325,65,"1,300.50",Average,Small
Red Iguana,720.72,55,"1,310.40",Average,Small
Bombay Talkie,788.4,60,"1,314.00",Average,Small
Le Peep,794.88,60,"1,324.80",Average,Small
La Palapa Mexican & Seafood,532.44,40,"1,331.10",Average,Small
El Torito Grill - Sherman Oaks,675.45,50,"1,350.90",Average,Small
Tio's Mexican Food,541.44,40,"1,353.60",Average,Small
La Taqueria Menudo,814.86,60,"1,358.10",Average,Small
Dos Coyotes Border Cafe,1021.95,75,"1,362.60",High,Small
Chapala Mexican Restaurant,617.22,45,"1,371.60",Average,Small
Mas Alla Del Sol,688.05,50,"1,376.10",Average,Small
The General,620.46,45,"1,378.80",Average,Small
Los Vaqueros,845.1,60,"1,408.50",Average,Small
Real Hacienda,1274.94,90,"1,416.60",High,Small
Ost Restaurant,1134,80,"1,417.50",High,Small
Pineapple Cafe & Mexican Grill,288.72,20,"1,443.60",Low,Small
Genaro's,1238.535,85,"1,457.10",High,Small
Distrito - Moorestown,951.21,65,"1,463.40",Average,Small
Blue Agave Grill,807.84,55,"1,468.80",Average,Small
Velvet Cantina,1258.425,85,"1,480.50",High,Small
Casa Mexicana,1049.58,70,"1,499.40",High,Small
The Hideaway,1355.13,90,"1,505.70",High,Small
La Choza Restaurant,77.04,5,"1,540.80",Low,Small
Lola's Mexican Cuisine (bixby),539.91,35,"1,542.60",Low,Small
Rosa Mexicano - Los Angeles,1328.805,85,"1,563.30",High,Small
Padilla's Mexican Kitchen,1253.52,80,"1,566.90",High,Small
La Calaca Feliz,398.475,25,"1,593.90",Low,Small
El Tango Taqueria,481.68,30,"1,605.60",Low,Small
Izzo's Illegal Burrito,835.2,50,"1,670.40",Average,Small
Panchero's Mexican Grill,765.45,45,"1,701.00",Average,Small
4 Gs On Broadway,1111.5,65,"1,710.00",Average,Small
Nuevo Modern Mexican and Tequila Bar,1455.03,85,"1,711.80",High,Small
Vero's Restaurant,1202.04,70,"1,717.20",High,Small
Taqueria La Hacienda,774.765,45,"1,721.70",Average,Small
Totopos,433.8,25,"1,735.20",Low,Small
El Indio Tortilla Factory,1043.82,60,"1,739.70",Average,Small
La Sandia Stapleton,959.805,55,"1,745.10",Average,Small
Panchita's,611.73,35,"1,747.80",Low,Small
Chilitos,1573.83,90,"1,748.70",High,Small
Cabo Cantina,886.05,50,"1,772.10",Average,Small
Picante A Taste of Mexico,1354.05,75,"1,805.40",High,Small
Dos Amigos,1447.92,80,"1,809.90",High,Small
Gilbert's El Indio Restaurant,1188.135,65,"1,827.90",Average,Small
Diego's Cantina & Tequlia Bar,1562.895,85,"1,838.70",High,Small
La Ristra,1012.275,55,"1,840.50",Average,Small
Hacienda De La Sierra,370.62,20,"1,853.10",Low,Small
La Palapa,940.95,50,"1,881.90",Average,Small
Chiquita's Mexican Restaurant,1329.93,70,"1,899.90",High,Small
La Hacienda Ranch Colleyville,1729.35,90,"1,921.50",High,Small
Herreras Mexican Grille,288.63,15,"1,924.20",Low,Small
Fat Rosie's Taco Tequila Bar,584.01,30,"1,946.70",Low,Small
Ranchos,779.76,40,"1,949.40",Average,Small
Isla Bonita,1679.175,85,"1,975.50",High,Small
Frijole Mexican Grill,1395.45,70,"1,993.50",High,Small
Ortega 120,601.56,30,"2,005.20",Low,Small
Ray's Rio Bravo,1520.775,75,"2,027.70",High,Small
Oscar's Cafe,920.16,45,"2,044.80",Average,Small
Cocina Lobos,1133.055,55,"2,060.10",Average,Small
El Yahualica Tacos,1855.71,90,"2,061.90",High,Small
Isalita,1658.16,80,"2,072.70",High,Small
Iguanas Ranas Taqueria,1874.34,90,"2,082.60",High,Small
Salsa's Mexican Grill,739.305,35,"2,112.30",Low,Small
Rocco's Tacos and Tequila Bar -delray Beach,1488.69,70,"2,126.70",High,Small
Don Juan's Mexican Restaurant,854.28,40,"2,135.70",Average,Small
El Taco Grande,858.24,40,"2,145.60",Average,Small
Masa Taqueria and Tequila Bar,1089.9,50,"2,179.80",Average,Small
Anita's New Mexico Style Mexican Food,1543.5,70,"2,205.00",High,Small
Border Grill & Cantina,1889.55,85,"2,223.00",High,Small
New Rebozo,1129.95,50,"2,259.90",Average,Small
Fred's Mexican Cafe,1018.98,45,"2,264.40",Average,Small
Rancho Viejo,2046.06,90,"2,273.40",High,Small
Pancho & Lefty's,1936.215,85,"2,277.90",High,Small
Villa Cemita,1159.65,50,"2,319.30",Average,Small
Xoc Tequila Grill,1637.37,70,"2,339.10",High,Small
Locos Grill & Pub,702.27,30,"2,340.90",Low,Small
Mijita,1874.88,80,"2,343.60",High,Small
El Maguey,1646.82,70,"2,352.60",High,Small
Taco Village,478.98,20,"2,394.90",Low,Small
Selena Rosa,2062.44,85,"2,426.40",High,Small
Papito,243.36,10,"2,433.60",Low,Small
Burritoville Mexican Restaurant,1948.32,80,"2,435.40",High,Small
Purple Burrito,1590.615,65,"2,447.10",Average,Small
The Burrito Shack,1597.635,65,"2,457.90",Average,Small
Samurai Burrito,1233.9,50,"2,467.80",Average,Small
Metro Balderas,2099.16,85,"2,469.60",High,Small
Surfside,2113.695,85,"2,486.70",High,Small
Cantina Steamboat,1498.5,60,"2,497.50",Average,Small
Park Street Grille,2248.56,90,"2,498.40",High,Small
Las Casuelas Quinta,1374.615,55,"2,499.30",Average,Small
Lola's Mexican Cuisine (4th St.),125.325,5,"2,506.50",Low,Small
Tacos El Unico #7,1262.25,50,"2,524.50",Average,Small
Mama Iguana's,2158.065,85,"2,538.90",High,Small
The Voya,255.33,10,"2,553.30",Low,Small
Baja Sharkeez,1671.93,65,"2,572.20",Average,Small
Cien Agaves Tacos & Tequila,2077.92,80,"2,597.40",High,Small
Pollos Maria,2396.79,90,"2,663.10",High,Small
Lupita's Taqueria,1332,50,"2,664.00",Average,Small
Amor y Tacos,1874.88,70,"2,678.40",High,Small
Barragan's Mexican Restaurant,1884.96,70,"2,692.80",High,Small
El Triunfo,1890,70,"2,700.00",High,Small
Mi Corazon Mexican Restaurant,335.43,10,"3,354.30",Low,Small
La Texanita Restaurant,1703.52,35,"4,867.20",Low,Small
Taqueria Zapata,747.495,15,"4,983.30",Low,Small
Casa Ole,2091.69,30,"6,972.30",Low,Small
La Puerta Azul,4958.1,70,"7,083.00",High,Small
Dos Caminos - Park,776.97,10,"7,769.70",Low,Small
Esther's Taco House,7353.945,85,"8,651.70",High,Small
El Parador,3477.915,35,"9,936.90",Low,Small
Pica's Mexican Taqueria,7162.74,65,"11,019.60",Average,Small
El Pollo Rico,9964.08,80,"12,455.10",High,Small
Cantina 1511,5057.64,35,"14,450.40",Low,Small
Taqueria Gudino,4492.53,30,"14,975.10",Low,Small
Howling Wolf Taqueria,4156.2,25,"16,624.80",Low,Small
Ooba's Mexican Grill,7585.65,45,"16,857.00",Average,Small
Fonda,6229.755,35,"17,799.30",Low,Small
Dos Pinas,12310.92,60,"20,518.20",Average,Small
El Primo's Mexican Grill & Cantina,10460.7,50,"20,921.40",Average,Small
Green Cactus Mexican Grill,20055.6,90,"22,284.00",High,Small
Diablo Royale,13374.72,60,"22,291.20",Average,Small
Hacienda Cantina & Beach Club,17976.24,80,"22,470.30",High,Small
Casa Cabana,3526.605,15,"23,510.70",Low,Small
De La Hacienda Taqueria,18852.48,80,"23,565.60",High,Small
Blue Adobe Grille,4903.2,20,"24,516.00",Low,Small
Beto's Mexican Food,17249.4,70,"24,642.00",High,Small
Dos Burritos,21976.155,85,"25,854.30",High,Small
TnT Tortas & Tacos,19585.8,75,"26,114.40",High,Small
Baja Fish Tacos,11016.72,40,"27,541.80",Average,Small
Camacho's Cantina,14134.95,50,"28,269.90",Average,Small
Chapala Grill,11374.92,40,"28,437.30",Average,Small
Rudy's Taco Shop,10118.745,35,"28,910.70",Low,Small
Cilantro Mexican Grill,18321.66,60,"30,536.10",Average,Small
Tacos El Rey,1592.37,5,"31,847.40",Low,Small
Alberto's Mexican Food,19435.68,60,"32,392.80",Average,Small
Papa P's,3422.52,10,"34,225.20",Low,Small
Tres Gringos Cabo Cantina,31183.38,90,"34,648.20",High,Small
Baja Cantina - Marina Del Rey,28291.68,80,"35,364.60",High,Small
El Charrito Mexican Restaurant,21954.78,60,"36,591.30",Average,Small
Bien Salsa,5651.37,15,"37,675.80",Low,Small
Crema Restaurante,19552.95,50,"39,105.90",Average,Small
Juan Great Fiesta,15763.32,40,"39,408.30",Average,Small
Grand Azteca,34245.99,85,"40,289.40",High,Small
Chamdo's Tacos,35493.705,85,"41,757.30",High,Small
El Paso Grill,12753.18,30,"42,510.60",Low,Small
Hot Taco,20028.06,45,"44,506.80",Average,Small
Baltazar's,36084.24,80,"45,105.30",High,Small
El Patio De Albuquerque,24987.105,55,"45,431.10",Average,Small
Juan Pollo,27859.68,60,"46,432.80",Average,Small
Libre - Red Rock Resort,14329.17,30,"47,763.90",Low,Small
Tia Juana's Mexican Grille & Cantina,36574.875,75,"48,766.50",High,Small
Taco Chulo,4947.84,10,"49,478.40",Low,Small
Mi Ranchito Taqueria,28273.905,55,"51,407.10",Average,Small
Tacoland Mex-mex Tacos,23152.23,45,"51,449.40",Average,Small
Hula Hut,13033.35,25,"52,133.40",Low,Small
Bull Taco,18397.575,35,"52,564.50",Low,Small
Las Alamedas,7998.21,15,"53,321.40",Low,Small
El Chilito,13450.5,25,"53,802.00",Low,Small
Buenos Grill,8133.48,15,"54,223.20",Low,Small
Tacos Guadalajara Inc,30633.57,55,"55,697.40",Average,Small
Marisco's Costa Azul,14004.9,25,"56,019.60",Low,Small
Salsa Mexican Food,28111.05,50,"56,222.10",Average,Small
La Luna Market & Taqueria,47826.27,85,"56,266.20",High,Small
Chava's,22535.64,40,"56,339.10",Average,Small
Viva Villa Taqueria,31107.78,55,"56,559.60",Average,Small
Gonza Tacos Y Tequila - North Raleigh,39680.55,70,"56,686.50",High,Small
El Girasol,35370.54,60,"58,950.90",Average,Small
Hussong's Cantina - Las Vegas,48506.4,80,"60,633.00",High,Small
Sopapilla's,37308.6,60,"62,181.00",Average,Small
Playas De Sinaloa Restaurante,12545.46,20,"62,727.30",Low,Small
Sonoritas Prime Tacos,56701.62,90,"63,001.80",High,Small
Rocky's Tacos,41000.895,65,"63,078.30",Average,Small
Temerario,3184.515,5,"63,690.30",Low,Small
Cafe El Sol,28763.505,45,"63,918.90",Average,Small
Marg's Taco Bistro,28838.43,45,"64,085.40",Average,Small
Rose Canyon Cantina,19304.46,30,"64,348.20",Low,Small
Canonita,32958.9,50,"65,917.80",Average,Small
Rigo's Mexican Restuarant,43620.525,65,"67,108.50",Average,Small
Taqueria La Cumbre,30918.51,45,"68,707.80",Average,Small
Mesa Verde,3455.235,5,"69,104.70",Low,Small
Chronic Tacos,24388.56,35,"69,681.60",Low,Small
Guadalajara,31544.64,45,"70,099.20",Average,Small
El Tio Loco,57714.48,80,"72,143.10",High,Small
El Dorado,7214.94,10,"72,149.40",Low,Small
Gonzalez Y Gonzalez,50551.83,70,"72,216.90",High,Small
Hussong's Cantina Reno,32650.695,45,"72,557.10",Average,Small
Fiesta,25532.955,35,"72,951.30",Low,Small
Autentica,58444.56,80,"73,055.70",High,Small
Guajillo Mexican Cuisine,55399.275,75,"73,865.70",High,Small
Sharky's Cantina,44731.98,60,"74,553.30",Average,Small
Los Dos Amigos,7623.45,10,"76,234.50",Low,Small
La Penca Azul Taco Truck,53456.76,70,"76,366.80",High,Small
Manuel's Downtown,30589.92,40,"76,474.80",Average,Small
Tortilla Flat,61392.96,80,"76,741.20",High,Small
Chiquitita Mexican Grill,69258.24,90,"76,953.60",High,Small
Luna De Noche,65643.12,85,"77,227.20",High,Small
Mario's Restaurant,61909.2,80,"77,386.50",High,Small
Tacolicious,46749.42,60,"77,915.70",Average,Small
Guadalajara Mexican Grill & Cantina,31287.96,40,"78,219.90",Average,Small
El Chile Cafe Manor,11811.96,15,"78,746.40",Low,Small
Avila's Mexican Food Rstrnts,3950.775,5,"79,015.50",Low,Small
Fausto's Fiesta Cafe,47602.08,60,"79,336.80",Average,Small
Papalote Mexican Grill,31809.24,40,"79,523.10",Average,Small
Cactus Cantina,47860.74,60,"79,767.90",Average,Small
El Gallo Giro,64040.4,80,"80,050.50",High,Small
El Salto Authentic Mexican Restaurant,28632.555,35,"81,807.30",Low,Small
Abuelas Tacos,53437.995,65,"82,212.30",Average,Small
Los Pollitos III,12519.765,15,"83,465.10",Low,Small
Burrito Famous,8401.32,10,"84,013.20",Low,Small
Le Taco Cantina,47181.42,55,"85,784.40",Average,Small
La Fiesta Restaurant,55777.995,65,"85,812.30",Average,Small
Maya - New York,64434.825,75,"85,913.10",High,Small
Cilantro,30159.045,35,"86,168.70",Low,Small
Corona Mexican Restaurant,25941.06,30,"86,470.20",Low,Small
Roadrunner Burrito,30454.83,35,"87,013.80",Low,Small
Uno Mas Taqueria,74039.76,85,"87,105.60",High,Small
Caliente Southwest Grille,78618.6,90,"87,354.00",High,Small
Mi Cocina West Village,78733.62,90,"87,481.80",High,Small
The Front Page,44028.45,50,"88,056.90",Average,Small
Dona Esther's,61801.74,70,"88,288.20",High,Small
Los Agaves,22119.075,25,"88,476.30",Low,Small
Taco Sano,53496.72,60,"89,161.20",Average,Small
Taco Mayo,49534.155,55,"90,062.10",Average,Small
Carta Azul,27098.82,30,"90,329.40",Low,Small
Valencia's Taco Shop,60419.385,65,"92,952.90",Average,Small
Cotija's Taco Shop,18844.02,20,"94,220.10",Low,Small
Mariano's Hacienda Ranch Dallas,23685.75,25,"94,743.00",Low,Small
Alero Restaurant,66435.39,70,"94,907.70",High,Small
Barbacoa,67287.15,70,"96,124.50",High,Small
Taco Deli,67343.22,70,"96,204.60",High,Small
Salena's Mexican Restaurant,77148.72,80,"96,435.90",High,Small
Tijuana Flats,53346.645,55,"96,993.90",Average,Small
Dos Caminos- Times Square,14592.555,15,"97,283.70",Low,Small
El Huarache Loco,54033.705,55,"98,243.10",Average,Small
Mega Taco,9847.26,10,"98,472.60",Low,Small
La Nueva Perla,44341.83,45,"98,537.40",Average,Small
Kabob Hutt,14928.84,15,"99,525.60",Low,Small
Papito Hayes,24888.15,25,"99,552.60",Low,Small
Fiesta Martin Mexican Grill,50136.3,50,"100,272.60",Average,Small
Aguamiel Mexican - Clarendon Hills,30234.06,30,"100,780.20",Low,Small
La Sirena Grill - Laguna Beach,10191.24,10,"101,912.40",Low,Small
Fresca's Mexican Grill,35838.81,35,"102,396.60",Low,Small
Los Vaqueros - West,57105.18,55,"103,827.60",Average,Small
Border Grill ��� Mandalay Bay,31212.81,30,"104,042.70",Low,Small
Tacos & Tequila Patron,46869.435,45,"104,154.30",Average,Small
Tlayuda L.A. Mexican Restaurant,10610.91,10,"106,109.10",Low,Small
El Chino,63735.12,60,"106,225.20",Average,Small
Tacomania,10685.34,10,"106,853.40",Low,Small
Chunga's,37573.515,35,"107,352.90",Low,Small
Enchiladas y Mas,5391.135,5,"107,822.70",Low,Small
Johnny Boys Tacos,64958.76,60,"108,264.60",Average,Small
Blanco Tacos + Tequila - The Borgata,65253.06,60,"108,755.10",Average,Small
La Casita,87976.08,80,"109,970.10",High,Small
Salsa Fresh Mexican Grill,5550.3,5,"111,006.00",Low,Small
Frida's,94409.415,85,"111,069.90",High,Small
Blue Agave,22265.64,20,"111,328.20",Low,Small
Mercado Azteca,27928.575,25,"111,714.30",Low,Small
El Mariachi Tequila Bar & Grill,50274.675,45,"111,721.50",Average,Small
Cactus Blue,83870.775,75,"111,827.70",High,Small
Sumomaya Mexican-asian Kitchen,45128.16,40,"112,820.40",Average,Small
Taco Chon,50893.11,45,"113,095.80",Average,Small
Haggo's Organic Taco,68405.04,60,"114,008.40",Average,Small
Rivera's Mexican Cafe,74110.725,65,"114,016.50",Average,Small
The Whole Enchilada,52184.25,45,"115,965.00",Average,Small
Mexicali Blue,99592.29,85,"117,167.40",High,Small
Los Gallitos,52765.02,45,"117,255.60",Average,Small
El Torazo,105788.43,90,"117,542.70",High,Small
Big City Burrito,100181.34,85,"117,860.40",High,Small
Tacos Jalisco,47314.08,40,"118,285.20",Average,Small
la hacienda,65066.76,55,"118,303.20",Average,Small
Acapulco Spirit Restaurant,89147.925,75,"118,863.90",High,Small
Tacos & Tequila - Luxor,5972.265,5,"119,445.30",Low,Small
Puerto Alegre Restaurant,102116.025,85,"120,136.50",High,Small
Poquito De Mexico,78712.92,65,"121,096.80",Average,Small
Cascabel Taqueria,109238.22,90,"121,375.80",High,Small
L.A. Burrito,61162.2,50,"122,324.40",Average,Small
Don Jose Mexican Restaurant,24511.5,20,"122,557.50",Low,Small
El Burrito Grill,85901.76,70,"122,716.80",High,Small
Taqueria Jalisco #8,79870.05,65,"122,877.00",Average,Small
Taqueria Chapala,6269.4,5,"125,388.00",Low,Small
Zocalo Restaurant And Bar,25126.56,20,"125,632.80",Low,Small
Revolver Taco Lounge,50521.32,40,"126,303.30",Average,Small
Walt Street Pub,12642.57,10,"126,425.70",Low,Small
Fiesta Cantina,57085.965,45,"126,857.70",Average,Small
El Jimador,76437,60,"127,395.00",Average,Small
Jalapeno's,95610.375,75,"127,480.50",High,Small
La Cocina,108426.51,85,"127,560.60",High,Small
Casa Jimenez,76558.5,60,"127,597.50",Average,Small
Pass-a-taco,115181.19,90,"127,979.10",High,Small
Scorpion Bar,64046.7,50,"128,093.40",Average,Small
Tacos & Co.,25717.32,20,"128,586.60",Low,Small
Cactus Mexican Food,45382.365,35,"129,663.90",Low,Small
La Quetzalteca Mexican Restaurant,6502.86,5,"130,057.20",Low,Small
Loco Taqueria Oyster Bar,72046.755,55,"130,994.10",Average,Small
Tortilleria Mexicana Los Hermanos,19781.685,15,"131,877.90",Low,Small
Don Pablo's,66013.65,50,"132,027.30",Average,Small
Rosita's Fine Mexican Food,13334.58,10,"133,345.80",Low,Small
Taqueria Autentica,13410.72,10,"134,107.20",Low,Small
Cantina Laredo,26843.4,20,"134,217.00",Low,Small
Los Camperos,74046.06,55,"134,629.20",Average,Small
Mi Taqueria,101176.425,75,"134,901.90",High,Small
Fiesta Ranchera,6824.25,5,"136,485.00",Low,Small
El Mariachi Grill Inc,47967.255,35,"137,049.30",Low,Small
Guadalajara Mexican Grill,102816,75,"137,088.00",High,Small
Cactus Flower Cafe West,48009.15,35,"137,169.00",Low,Small
Cielito Lindo,76941.81,55,"139,894.20",Average,Small
Hell's Kitchen,91303.875,65,"140,467.50",Average,Small
Tacos Beer,63294.21,45,"140,653.80",Average,Small
Uno Mas,85849.2,60,"143,082.00",Average,Small
La Casona Taqueria,50132.88,35,"143,236.80",Low,Small
Temazcal Tequila Cantina - Lynnfield,109067.85,75,"145,423.80",High,Small
George's Mexican,36379.125,25,"145,516.50",Low,Small
Andres Restaurant,116661.6,80,"145,827.00",High,Small
Tortilla Factory,116746.56,80,"145,933.20",High,Small
El Gran Burrito,51226.875,35,"146,362.50",Low,Small
Frescos Cocina Mexicana Burleson,58767.12,40,"146,917.80",Average,Small
Cafe De La Esquina-williamsburg,103146.75,70,"147,352.50",High,Small
Taco King,117895.68,80,"147,369.60",High,Small
Petty Cash Taqueria,22168.755,15,"147,791.70",Low,Small
Cyclone Anaya's - Citycentre,29840.94,20,"149,204.70",Low,Small
El Maguey Mexican Restaurant,89850.6,60,"149,751.00",Average,Small
Polanco Kitchen and Bar - Hilton Mission Valley,75307.5,50,"150,615.00",Average,Small
La Cabana,105696.36,70,"150,994.80",High,Small
Pepitos,15111.63,10,"151,116.30",Low,Small
El Pescador,128521.53,85,"151,201.80",High,Small
Pedros Tacos,52943.94,35,"151,268.40",Low,Small
El Charro Restaurant,114218.1,75,"152,290.80",High,Small
Chevys - Lake Buena Vista,114839.775,75,"153,119.70",High,Small
Mi Tierra Super Taco,53808.93,35,"153,739.80",Low,Small
Mr Taco,23071.77,15,"153,811.80",Low,Small
Hot Rosita's,115844.175,75,"154,458.90",High,Small
Milagro Modern Mexican,15467.4,10,"154,674.00",Low,Small
El Mexico Lindo,23204.88,15,"154,699.20",Low,Small
Taqueria Los Portales,7838.37,5,"156,767.40",Low,Small
Laredos Grill,62723.88,40,"156,809.70",Average,Small
La Casa De Tu Madre,70917.12,45,"157,593.60",Average,Small
Te'kela,15846.75,10,"158,467.50",Low,Small
El Ranchito,23804.955,15,"158,699.70",Low,Small
Mextogo,111489.84,70,"159,271.20",High,Small
Sharky's Edgartown,136000.17,85,"160,000.20",High,Small
D'tako Market Authentic Mexican Cuisine,88326.81,55,"160,594.20",Average,Small
Lava Cantina,96445.08,60,"160,741.80",Average,Small
Costa Del Sol,112685.58,70,"160,979.40",High,Small
Valerie's Taco Shop,8094.645,5,"161,892.90",Low,Small
Lulu's Taqueria,113348.97,70,"161,927.10",High,Small
El Cazador,89664.795,55,"163,026.90",Average,Small
La Puerta,40809.375,25,"163,237.50",Low,Small
Burrito Me,73803.15,45,"164,007.00",Average,Small
El Pollo Regio,123792.975,75,"165,057.30",High,Small
Taco Shel,33132.6,20,"165,663.00",Low,Small
El Torito Grill - Torrance,109411.965,65,"168,326.10",Average,Small
Barrio Urbano,151579.35,90,"168,421.50",High,Small
Los Sarapes - Chalfont,84473.1,50,"168,946.20",Average,Small
Mi Rancho,42278.85,25,"169,115.40",Low,Small
Chevys Fresh Mex - Times Square,16963.56,10,"169,635.60",Low,Small
Taqueria La Fuente,119371.77,70,"170,531.10",High,Small
Luminarias,85363.2,50,"170,726.40",Average,Small
Las Fuentes Mexican Grill and Bar,76894.92,45,"170,877.60",Average,Small
La Victoria,102568.14,60,"170,946.90",Average,Small
Don Lenchos Mexican Food,121249.8,70,"173,214.00",High,Small
Ef's Restaurant,17570.61,10,"175,706.10",Low,Small
Tres Amigos,35433.18,20,"177,165.90",Low,Small
Jesus Taco,88676.1,50,"177,352.20",Average,Small
La Fuente,35548.92,20,"177,744.60",Low,Small
Sandiago's Mexican Grill,142447.68,80,"178,059.60",High,Small
El Tio Tex-Mex Grill,17990.73,10,"179,907.30",Low,Small
Los Altenos,45069.975,25,"180,279.90",Low,Small
Rio Grande Mexican Restaurant,45276.075,25,"181,104.30",Low,Small
El Cerrito Mexican Restaurant,145305.36,80,"181,631.70",High,Small
Mago Grill & Cantina - South Barrington,127500.03,70,"182,142.90",High,Small
526 Main,27464.805,15,"183,098.70",Low,Small
Burrito Drive,27582.39,15,"183,882.60",Low,Small
Tequila Factory,64890.315,35,"185,400.90",Low,Small
Manuel's,56018.52,30,"186,728.40",Low,Small
El Sombrero,37485,20,"187,425.00",Low,Small
Mucho Tequila And Tacos,28305.99,15,"188,706.60",Low,Small
Rojo Mexican Grill - St. Louis Park,37800,20,"189,000.00",Low,Small
Al Fin,85602.42,45,"190,227.60",Average,Small
Mighty Taco,28637.82,15,"190,918.80",Low,Small
Pepe's Mexican Food,143892.45,75,"191,856.60",High,Small
Toloache - Upper East Side,144328.5,75,"192,438.00",High,Small
El Charro - Livermore,87031.26,45,"193,402.80",Average,Small
Taco Mesa,175566.69,90,"195,074.10",High,Small
Roberto's Mexican Food,127076.04,65,"195,501.60",Average,Small
Rocco's Tacos and Tequila Bar,88120.71,45,"195,823.80",Average,Small
Taqueria El Maguey,119237.4,60,"198,729.00",Average,Small
El Taco Loco,119562.48,60,"199,270.80",Average,Small
Diablo's Cantina - Monte Carlo,139839.84,70,"199,771.20",High,Small
Taquerita el Favorito,120562.56,60,"200,937.60",Average,Small
Skyline Chili,40233.6,20,"201,168.00",Low,Small
Pink Taco @ Hard Rock Hotel & Casino,10073.745,5,"201,474.90",Low,Small
Casablanca Coffee & Grill,10088.55,5,"201,771.00",Low,Small
Taco Real,181735.65,90,"201,928.50",High,Small
Kelly's,111654.18,55,"203,007.60",Average,Small
Wild Salsa - Dallas,132087.735,65,"203,211.90",Average,Small
Pappasito's Cantina,163290.24,80,"204,112.80",High,Small
Hacienda's Mexican Grill,144205.11,70,"206,007.30",High,Small
Mi Asador Mexican Seafood,175409.145,85,"206,363.70",High,Small
Chavez Supermarket & Taqueria,144478.53,70,"206,397.90",High,Small
Taqueria Los Hermanos,20701.71,10,"207,017.10",Low,Small
El Rio Grande,103640.4,50,"207,280.80",Average,Small
Ranas Mexico City Cuisine,114037.11,55,"207,340.20",Average,Small
Border Cafe,145180.35,70,"207,400.50",High,Small
Mexicado,10386.225,5,"207,724.50",Low,Small
Blue Parrot,156191.625,75,"208,255.50",High,Small
Rocco's Tacos & Tequila Bar - Orlando,115271.64,55,"209,584.80",Average,Small
Fresh Griller,42017.22,20,"210,086.10",Low,Small
Foh,10504.8,5,"210,096.00",Low,Small
Taquerias El Farolito,168426,80,"210,532.50",High,Small
Senor Frog's - Miami,31601.88,15,"210,679.20",Low,Small
La Bamba,52709.175,25,"210,836.70",Low,Small
La Hacienda Mexican Restaurant,169343.28,80,"211,679.10",High,Small
Mago Grill & Cantina - Arlington Heights,159118.425,75,"212,157.90",High,Small
El Cholo Cafe,171150.48,80,"213,938.10",High,Small
Chili's Grill & Bar,10733.625,5,"214,672.50",Low,Small
El Merendero,129499.02,60,"215,831.70",Average,Small
Casa Pepe,184168.395,85,"216,668.70",High,Small
Pink Taco - Los Angeles,76794.84,35,"219,413.83",Low,Small
Abq Grill,143051.22,65,"220,078.80",Average,Small
Cantina Laredo - Las Vegas,99059.355,45,"220,131.90",Average,Small
La Chaca Mexican Grill,55165.5,25,"220,662.00",Low,Small
La Cazuela,77317.065,35,"220,905.90",Low,Small
Guadalajara Fiesta Grill,143751.465,65,"221,156.10",Average,Small
Boca Beach Cantina,177598.8,80,"221,998.50",High,Small
Miguel's Cantina,190710.675,85,"224,365.50",High,Small
Fiesta Ole Tequila House,78579,35,"224,511.43",Low,Small
Cafe Frida - Columbus Ave,11266.74,5,"225,334.80",Low,Small
Mexico Restaurant & Bar,112814.55,50,"225,629.10",Average,Small
Donita's Cantina,191953.8,85,"225,828.00",High,Small
The Grill At Calvary Chapel of Fort Lauderdale,33968.16,15,"226,454.40",Low,Small
Rodrigo's Mexican Grill,181476.72,80,"226,845.90",High,Small
Rojo Mexican Grill - North Loop,102194.865,45,"227,099.70",Average,Small
El Compadre - Echo Park,113972.85,50,"227,945.70",Average,Small
El Alamo,182466,80,"228,082.50",High,Small
Candela's On The Bay,171196.875,75,"228,262.50",High,Small
Wings Ole,148530.915,65,"228,509.10",Average,Small
Tacos Sinaloa #2,138000.24,60,"230,000.40",Average,Small
SolToro Tequila Grill,80727.885,35,"230,651.10",Low,Small
Los Rancheros,23166.54,10,"231,665.40",Low,Small
Cactus Zone,34774.92,15,"231,832.80",Low,Small
Barragan's Mexican Restaurant - Glendale,150850.44,65,"232,077.60",Average,Small
Margarita's Mexican Cantina,34904.385,15,"232,695.90",Low,Small
Mago Grill & Cantina - Bolingbrook,23271.93,10,"232,719.30",Low,Small
Los Molcajetes,128304.495,55,"233,280.90",Average,Small
Lola - Denver,186717.6,80,"233,397.00",High,Small
Slick Rock Burrito,210770.1,90,"234,189.00",High,Small
Tia Cori's Tacos,129116.79,55,"234,757.80",Average,Small
Fuego - Maya Hotel,35264.565,15,"235,097.10",Low,Small
High Tech Burrito,212501.07,90,"236,112.30",High,Small
Taqueria El Paso,94493.88,40,"236,234.70",Average,Small
Caracara Mexican Grill,35460.18,15,"236,401.20",Low,Small
Rockin Baja Lobster Oceanside,47297.34,20,"236,486.70",Low,Small
Sonterra Grill,94779.36,40,"236,948.40",Average,Small
Rocco's Tacos - Brooklyn,71398.26,30,"237,994.20",Low,Small
Lina's Mexican Restaurant,83487.915,35,"238,536.90",Low,Small
Tulum Fresh Mexican Grill,47857.68,20,"239,288.40",Low,Small
Puerto Vallarta,120166.2,50,"240,332.40",Average,Small
Burrito Mariachi,169759.8,70,"242,514.00",High,Small
The Painted Burro,48931.56,20,"244,657.80",Low,Small
Chevy's Fresh Mex,110138.13,45,"244,751.40",Average,Small
Gonza Tacos Y Tequila - Wake Forest,110470.635,45,"245,490.30",Average,Small
World Wrapps,37128.51,15,"247,523.40",Low,Small
Nopalito,99586.44,40,"248,966.10",Average,Small
Cisco's Salsa Company,12449.97,5,"248,999.40",Low,Small
El Conquistador Restaurant,87238.305,35,"249,252.30",Low,Small
Tijuana's Tacos,174921.39,70,"249,887.70",High,Small
Modern Mixture,212600.385,85,"250,118.10",High,Small
Oaxaca Taqueria,189171.45,75,"252,228.60",High,Small
El Torogoz Restaurant,189636.525,75,"252,848.70",High,Small
Tacos Gaby,165291.165,65,"254,294.10",Average,Small
Taco Treat,12756.375,5,"255,127.50",Low,Small
High Noon,127612.35,50,"255,224.70",Average,Small
Los Hermanos,76710.78,30,"255,702.60",Low,Small
Senor Pepe,166332.465,65,"255,896.10",Average,Small
Cadillac Bar & Grill,140951.25,55,"256,275.00",Average,Small
Palmilla Cocina Y Tequila,141802.65,55,"257,823.00",Average,Small
Long John Silver's,51640.56,20,"258,202.80",Low,Small
El Burrito Mercado,181277.46,70,"258,967.80",High,Small
Taqueria El Poblano,130562.1,50,"261,124.20",Average,Small
Taco Loco,143762.85,55,"261,387.00",Average,Small
Zona Rosa,13069.44,5,"261,388.80",Low,Small
Kip's Grill and Cantina,196149.6,75,"261,532.80",High,Small
Baja Tex Mex,170070.03,65,"261,646.20",Average,Small
Los Arroyos Mexican Restaurant,91763.28,35,"262,180.80",Low,Small
Fidel's Little Mexico,91998.72,35,"262,853.49",Low,Small
Taco Mamacita,79934.31,30,"266,447.70",Low,Small
Arandas Tacos,241264.98,90,"268,072.20",High,Small
Los Chingones,80541.54,30,"268,471.80",Low,Small
Cafe Azteca,147816.9,55,"268,758.00",Average,Small
Blue Plate Taco,228512.385,85,"268,838.10",High,Small
Zocalo Sacramento,107837.28,40,"269,593.20",Average,Small
Guadalajara Grill,94357.935,35,"269,594.10",Low,Small
Agave Grill,149052.42,55,"271,004.40",Average,Small
Taco Tontos,162919.08,60,"271,531.80",Average,Small
Luna Blanca Taqueria,122732.01,45,"272,737.80",Average,Small
Madrina,233008.29,85,"274,127.40",High,Small
Sabor Cocina Mexicana - Valencia,137253.6,50,"274,507.20",Average,Small
Chubbys,27454.41,10,"274,544.10",Low,Small
Sonic Drive-in,137352.15,50,"274,704.30",Average,Small
360 Gourmet Burritos,82423.17,30,"274,743.90",Low,Small
Gonza Tacos Y Tequila - Downtown Raleigh,206400.825,75,"275,201.10",High,Small
Canyon Road,27546.12,10,"275,461.20",Low,Small
Jalapenos Mexican Restaurant,124682.49,45,"277,072.20",Average,Small
Los Primos Cantina,124823.835,45,"277,386.30",Average,Small
Salsa Picante,139088.7,50,"278,177.40",Average,Small
La Hacienda Ranch Frisco,13966.2,5,"279,324.00",Low,Small
El Guero Canelo,41958.54,15,"279,723.60",Low,Small
Marquez - Norwalk,181944.945,65,"279,915.30",Average,Small
Oaxaca,224435.52,80,"280,544.40",High,Small
Don Lobos Mexican Grill,226139.04,80,"282,673.80",High,Small
M I Tierra Mexican Restaurant,85290.57,30,"284,301.90",Low,Small
Dos Perros,100122.12,35,"286,063.20",Low,Small
Don Taco,128956.05,45,"286,569.00",Average,Small
Sol Cocina- Playa Vista,259396.83,90,"288,218.70",High,Small
Grins Restaurant,100906.155,35,"288,303.30",Low,Small
El Perico Ranchero,231039.36,80,"288,799.20",High,Small
Johnny Sanchez,263176.29,90,"292,418.10",High,Small
Nalley Fresh,220091.175,75,"293,454.90",High,Small
Taco Surf,176997.42,60,"294,995.70",Average,Small
Las Casuelas Nuevas,103320.63,35,"295,201.80",Low,Small
Tortas Los Picudos,266445.45,90,"296,050.50",High,Small
Acapulco Restaurant,88949.34,30,"296,497.80",Low,Small
Vallarta Mexican Restaurant,193128.975,65,"297,121.50",Average,Small
Tacos Nuevo Mexico,74890.125,25,"299,560.50",Low,Small
Castle Hills Cafe (reported Closed),225604.575,75,"300,806.10",High,Small
El Toro Taqueria,240746.4,80,"300,933.00",High,Small
Monty Mex Corp,165725.505,55,"301,319.10",Average,Small
Quicks Hole Taqueria,151961.85,50,"303,923.70",Average,Small
Cantina Laredo - Clayton,169350.39,55,"307,909.80",Average,Small
Alejandra's Mexican Restaurant,231240.825,75,"308,321.10",High,Small
Taco Bar,170134.47,55,"309,335.40",Average,Small
Aca Las Tortas,232161.525,75,"309,548.70",High,Small
Taco Fiesta,170420.085,55,"309,854.70",Average,Small
Tequilas Mexican Restaurant,170745.3,55,"310,446.00",Average,Small
Danny's Restaurant,15555.6,5,"311,112.00",Low,Small
Villa Tepeyac,234823.725,75,"313,098.30",High,Small
Bar Takito-west Loop,62651.88,20,"313,259.40",Low,Small
Mamacita's,235080.9,75,"313,441.20",High,Small
The Sonora Grill,172557.495,55,"313,740.90",Average,Small
Cantina Feliz,78776.55,25,"315,106.20",Low,Small
Anna's Taqueria,63233.82,20,"316,169.10",Low,Small
Olé Mexican Grill,79591.5,25,"318,366.00",Low,Small
Fins Tropicali Cuisine,79604.1,25,"318,416.40",Low,Small
Krazi Kebob,239833.575,75,"319,778.10",High,Small
The Old Pueblo Cafe,96470.46,30,"321,568.20",Low,Small
Barberito's,225485.19,70,"322,121.70",High,Small
Cantina 1511 - Park Road Shopping Center,96815.25,30,"322,717.50",Low,Small
El Dorado Cantina,194177.52,60,"323,629.20",Average,Small
Taco Del Mar,48659.535,15,"324,396.90",Low,Small
Barcocina - Baltimore,113612.94,35,"324,608.40",Low,Small
On Guard Locksmith,146117.925,45,"324,706.50",Average,Small
The Clubhouse Grill,113721.3,35,"324,918.00",Low,Small
Jose Sons,276483.24,85,"325,274.40",High,Small
Milagro Cantina,146866.77,45,"326,370.60",Average,Small
La Sandia,147136.905,45,"326,970.90",Average,Small
Oscar's Taco Shop,294445.53,90,"327,161.70",High,Small
Toloache,278983.26,85,"328,215.60",High,Small
El Patio Café,213381.09,65,"328,278.60",Average,Small
Anejo,279441.495,85,"328,754.70",High,Small
Daniels Mexican Restaurant,33045.21,10,"330,452.10",Low,Small
Lourdes Mexican Food,216385.065,65,"332,900.10",Average,Small
Sharky's Woodfired Mexican Grill,300407.13,90,"333,785.70",High,Small
Mexcal,234100.44,70,"334,429.20",High,Small
100% De Agave,218058.75,65,"335,475.00",Average,Small
East Coast Taco,251680.5,75,"335,574.00",High,Small
Moe's Cantina River North,84129.525,25,"336,518.10",Low,Small
Los Nopales,168361.2,50,"336,722.40",Average,Small
Omega Burgers,67627.98,20,"338,139.90",Low,Small
Tito's Tacos,152370.315,45,"338,600.70",Average,Small
La Corneta Taqueria,203945.58,60,"339,909.30",Average,Small
Caffe Di Fiore,170400.15,50,"340,800.30",Average,Small
Meeho's,238614.39,70,"340,877.70",High,Small
Tacuba Cantina Mexicana,222247.935,65,"341,919.90",Average,Small
Charritos Restaurant,188165.835,55,"342,119.70",Average,Small
Taqueria Feliz - Horsham,205272.9,60,"342,121.50",Average,Small
Taco Casa,274847.76,80,"343,559.70",High,Small
Mi Casa Mexican Grill,120257.235,35,"343,592.10",Low,Small
Mario's Tacos,68737.68,20,"343,688.40",Low,Small
America's Taco Shop,189234.045,55,"344,061.90",Average,Small
Ixtapa Cantina,240996.42,70,"344,280.60",High,Small
El Poquito,172368.45,50,"344,736.90",Average,Small
Carlitos Cafe y Cantina,172627.2,50,"345,254.40",Average,Small
Olivia's Mexican Restaurant,242202.24,70,"346,003.20",High,Small
Fresh Taco,225129.06,65,"346,352.40",Average,Small
Costa Vida,295778.07,85,"347,974.20",High,Small
Mexico City Taqueria,279331.2,80,"349,164.00",High,Small
Fiesta Mexicana,244905.57,70,"349,865.10",High,Small
Mexican Gardens,70020.72,20,"350,103.60",Low,Small
Pablo's Mexican Restaurant,176325.3,50,"352,650.60",Average,Small
Cyclone Anaya's - The Woodlands,211641.66,60,"352,736.10",Average,Small
Little Water Cantina,159326.19,45,"354,058.20",Average,Small
Mas Cocina Mexicana,266018.85,75,"354,691.80",High,Small
Cuckoo's Nest,178011.9,50,"356,023.80",Average,Small
Tequila Sunrise,213988.5,60,"356,647.50",Average,Small
Taco Express,53555.715,15,"357,038.10",Low,Small
Happy Fresh Tortillas Grill,232240.905,65,"357,293.70",Average,Small
El Rodeo,71609.76,20,"358,048.80",Low,Small
Taqueria Los Paisanos,215097.12,60,"358,495.20",Average,Small
Chonito's,197275.32,55,"358,682.40",Average,Small
Chili's Grill Bar,89671.95,25,"358,687.80",Low,Small
Casa Escobar,322975.35,90,"358,861.50",High,Small
Gracias Madre,269767.125,75,"359,689.50",High,Small
Taco Factory,162731.43,45,"361,625.40",Average,Small
Taco Diner,309593.205,85,"364,227.30",High,Small
Los Chingones Dtc,182199.6,50,"364,399.20",Average,Small
Revolucion Steakhouse,182327.85,50,"364,655.70",Average,Small
Casa De Lara,273683.475,75,"364,911.30",High,Small
Dos Caminos - Fort Lauderdale,109776.87,30,"365,922.90",Low,Small
Muchas Gracias,129073.14,35,"368,780.40",Low,Small
Pedro's Cantina,184508.55,50,"369,017.10",Average,Small
Mekenita Mexican Grill,314119.71,85,"369,552.60",High,Small
Dos Caminos,184839.3,50,"369,678.60",Average,Small
Cantina Laredo - Austin,129729.6,35,"370,656.00",Low,Small
Casa Moreno Mexican Grill - Covina,241155.135,65,"371,007.90",Average,Small
Taqueria Los Jalicienses,167647.32,45,"372,549.60",Average,Small
Dorado Tacos & Cemitas,167761.53,45,"372,803.40",Average,Small
Sabor Cocina Mexicana - Thousand Oaks,149153.76,40,"372,884.40",Average,Small
El Huarache Azteca,37423.62,10,"374,236.20",Low,Small
Isabel Pearl,336893.58,90,"374,326.20",High,Small
Que Pasa Cantina,299809.44,80,"374,761.80",High,Small
Fajita Grill,281166.525,75,"374,888.70",High,Small
Monica's Mexican Restaurant,225233.46,60,"375,389.10",Average,Small
El Taco Factory,320152.5,85,"376,650.00",High,Small
Cafe Rio Mexican Grill,207829.71,55,"377,872.20",Average,Small
Mojave,265092.03,70,"378,702.90",High,Small
Frontera Mex-Mex Grill,170447.085,45,"378,771.30",Average,Small
Alamo Mexican Kitchen,265202.28,70,"378,860.40",High,Small
Que Pasa,170677.935,45,"379,284.30",Average,Small
Dos Caminos - Soho,266094.99,70,"380,135.70",High,Small
Taqueria Guadalajara,209287.98,55,"380,523.60",Average,Small
Los Cuates,190534.5,50,"381,069.00",Average,Small
Chubby's Tacos,325113.525,85,"382,486.50",High,Small
La Lupita,19147.77,5,"382,955.40",Low,Small
Miguel's Cocina,325663.56,85,"383,133.60",High,Small
El Gran Sabor,19162.35,5,"383,247.00",Low,Small
CANS Taqueria,287579.025,75,"383,438.70",High,Small
Cactus Restaurant,345109.41,90,"383,454.90",High,Small
Santana Mexican Food,134302.455,35,"383,721.30",Low,Small
Casa Grande,57610.845,15,"384,072.30",Low,Small
Barrio 47,346067.64,90,"384,519.60",High,Small
Gonzalez Restaurant,58240.08,15,"388,267.20",Low,Small
Anita's New Mexican Style Mexican Food,291647.925,75,"388,863.90",High,Small
Taqueria La Fiesta,136200.33,35,"389,143.80",Low,Small
Poquitos,331114.95,85,"389,547.00",High,Small
Cenote Grill,39096.09,10,"390,960.90",Low,Small
Rancho Viejo Restaurant,332441.46,85,"391,107.60",High,Small
Por Favor Mexican Restaurant,195963.3,50,"391,926.60",Average,Small
El Tequila Mexican Restaurant,255943.935,65,"393,759.90",Average,Small
Carlos Miguel's,276888.78,70,"395,555.40",High,Small
Taqueria Y Antojitos El Guanaco,258509.745,65,"397,707.30",Average,Small
Acapulco Fresh,259081.875,65,"398,587.50",Average,Small
La Cocina Bar & Grill,119607.57,30,"398,691.90",Low,Small
Habanero's Mexican Kitchen,360471.87,90,"400,524.30",High,Small
Manny's El Taco De Mexico,261117.09,65,"401,718.60",Average,Small
Davina's Cabo Grill,301380.075,75,"401,840.10",High,Small
Las Panchitas,221019.975,55,"401,854.50",Average,Small
Talita's Mexican Kitchen,363668.13,90,"404,075.70",High,Small
El Taco Tote,182689.425,45,"405,976.50",Average,Small
Mesa Fresh Mexican Grill,162641.52,40,"406,603.80",Average,Small
Figaro's Mexican Grill,244434.78,60,"407,391.30",Average,Small
Los Tacos,286141.59,70,"408,773.70",High,Small
Habanero's Fresh Mex,367962.75,90,"408,847.50",High,Small
Chiloso Mexican Bistro,226350.63,55,"411,546.60",Average,Small
Rocco's Tacos & Tequila Bar - Fort Lauderdale,186127.875,45,"413,617.50",Average,Small
Cyclone Anaya's-rice Village,372755.52,90,"414,172.80",High,Small
Mexico City,82957.14,20,"414,785.70",Low,Small
Tortilla Sunrise,125010.81,30,"416,702.70",Low,Small
La Victoria Taqueria,313333.65,75,"417,778.20",High,Small
Los Mariachis,229861.17,55,"417,929.40",Average,Small
Burritos Alinstante,146537.37,35,"418,678.20",Low,Small
Bajo Sexto Taco,146759.445,35,"419,312.70",Low,Small
Chayo Mexican Kitchen + Tequila Bar,188757.54,45,"419,461.20",Average,Small
Sal's Mexican Restaurant,315839.25,75,"421,119.00",High,Small
Morelia Mexican Grill,21125.97,5,"422,519.40",Low,Small
Connie's Cantina,42264.54,10,"422,645.40",Low,Small
Pink Taco,63474.3,15,"423,162.00",Low,Small
Osuna's Mexican Grill,317924.325,75,"423,899.10",High,Small
Taqueria Feliz - Manayunk,42430.5,10,"424,305.00",Low,Small
Taco Jane's,254631.06,60,"424,385.10",Average,Small
Cantina Mexicana,106484.175,25,"425,936.70",Low,Small
Galaxy Taco - La Jolla,298213.02,70,"426,018.60",High,Small
Tenafly Classic Diner,362383.56,85,"426,333.60",High,Small
Tortilla Jo's,362874.69,85,"426,911.40",High,Small
Gaud�� Caf��,256228.38,60,"427,047.30",Average,Small
Tijuana's Mexican Kitchen Express,299281.5,70,"427,545.00",High,Small
Senor Peppers,192404.97,45,"427,566.60",Average,Small
Taco Loco #2,192444.255,45,"427,653.90",Average,Small
SOL Cocina,342489.6,80,"428,112.00",High,Small
El Arepazo Latin Grill,150273.27,35,"429,352.20",Low,Small
Acapulco,257730.66,60,"429,551.10",Average,Small
Rinconcito Salvadoreno Restaurante,171993.96,40,"429,984.90",Average,Small
Sabrosa,215197.65,50,"430,395.30",Average,Small
Mamacitas Mexican Restaurant,387516.15,90,"430,573.50",High,Small
Starliner Diner,215604,50,"431,208.00",Average,Small
Cancún Family Mexican Restaurant,21647.16,5,"432,943.20",Low,Small
Restaurante Familiar,108409.5,25,"433,638.00",Low,Small
Hatch Taqueria & Tequilas,152113.815,35,"434,610.90",Low,Small
Lolita's Taco Shop,195945.075,45,"435,433.50",Average,Small
La Hacienda Real,152402.67,35,"435,436.20",Low,Small
Jalisco Tacos,240323.49,55,"436,951.80",Average,Small
La Pinata Tortilleria,284268.465,65,"437,336.10",Average,Small
Joselito's Mexican Food,153478.395,35,"438,509.70",Low,Small
Cyclone Anaya's - Woodway,373586.985,85,"439,514.10",High,Small
El Loco Burrito,376420.545,85,"442,847.70",High,Small
El Tarasco Mexican Restaurant No. 2,111059.775,25,"444,239.10",Low,Small
Casa Manana,267196.32,60,"445,327.20",Average,Small
Sangrita - Maui,156765.105,35,"447,900.30",Low,Small
Cantina 1511 - Stonecrest,246412.485,55,"448,022.70",Average,Small
Alma Cocina,291661.11,65,"448,709.40",Average,Small
Acapulco Mexican Restaurant,359985.6,80,"449,982.00",High,Small
Boca Grande Taqueria,247524.75,55,"450,045.00",Average,Small
El Agave,158111.415,35,"451,746.90",Low,Small
El Palacio,158170.005,35,"451,914.30",Low,Small
Rocco's Tacos & Tequila Bar - Pga,384423.975,85,"452,263.50",High,Small
Reyna's Mexican Restaurant,384932.7,85,"452,862.00",High,Small
Modern Margarita,135987.93,30,"453,293.10",Low,Small
The Loop,159336.36,35,"455,246.74",Low,Small
Riverwalk Cantina at the Gaylord Texan,342695.475,75,"456,927.30",High,Small
Taqueria Cancun,160158.285,35,"457,595.10",Low,Small
Zapoteca,114646.95,25,"458,587.80",Low,Small
Burrito Bueno,298170.99,65,"458,724.60",Average,Small
Quesa-D-Ya's,206655.705,45,"459,234.90",Average,Small
Taqueria Jalisco,22986.63,5,"459,732.60",Low,Small
La Sirenita,414124.65,90,"460,138.50",High,Small
Casa Manana Taqueria,322893.9,70,"461,277.00",High,Small
Mangos Tortilla Grill,161753.13,35,"462,151.80",Low,Small
Wild Salsa - Fairview,231224.4,50,"462,448.80",Average,Small
Barrio - Capitol Hill,347369.175,75,"463,158.90",High,Small
El Adobe,416856.78,90,"463,174.20",High,Small
El Pollo Ranchero,325495.17,70,"464,993.10",High,Small
Mexico Lindo,69791.625,15,"465,277.50",Low,Small
Burritos Santana,395687.835,85,"465,515.10",High,Small
Border Grill Santa Monica,418999.23,90,"465,554.70",High,Small
Paloma Blanca Mexican Cuisine,233078.85,50,"466,157.70",Average,Small
Camp Taco,256450.59,55,"466,273.80",Average,Small
El Sombrero Mexican Bistro,257125.275,55,"467,500.50",Average,Small
Red Pepper Taqueria,327402.18,70,"467,717.40",High,Small
Danny's,93877.02,20,"469,385.10",Low,Small
El Cholo,422714.7,90,"469,683.00",High,Small
El Amigo Burrito,376351.2,80,"470,439.00",High,Small
Maya,70638.21,15,"470,921.40",Low,Small
La Sandia - Lone Tree,400381.11,85,"471,036.60",High,Small
Lucky Tortillas,212452.875,45,"472,117.50",Average,Small
Maria's Mexican Restaurant,213156.765,45,"473,681.70",Average,Small
El Tapatio,142212.24,30,"474,040.80",Low,Small
Max's Mexican Cuisine,332360.28,70,"474,800.40",High,Small
Santiago's,380038.32,80,"475,047.90",High,Small
Taqueria San Jose - Mason St,285395.4,60,"475,659.00",Average,Small
San Gabriel Mexican Cafe,166780.08,35,"476,514.51",Low,Small
Muchas Gracias Mexican Food,143027.1,30,"476,757.00",Low,Small
Tacko,286780.5,60,"477,967.50",Average,Small
El Metate,239173.2,50,"478,346.40",Average,Small
Casa de Ramos,407307.42,85,"479,185.20",High,Small
Mesilla Valley Kitchen,263569.185,55,"479,216.70",Average,Small
Ricoco's Latin Grill,143836.29,30,"479,454.30",Low,Small
The Little Chihuahua,384233.04,80,"480,291.30",High,Small
El Manantial,312837.525,65,"481,288.50",Average,Small
Jose's Mexican Cantina,96573.06,20,"482,865.30",Low,Small
Chapa Tacos,362517.525,75,"483,356.70",High,Small
Salsa Mexicana,362868.525,75,"483,824.70",High,Small
Salsa y Salsa,72801.585,15,"485,343.90",Low,Small
Rocco's Tacos & Tequila Bar - Boca Raton,292982.94,60,"488,304.90",Average,Small
Dos Caminos Atlantic City,146894.04,30,"489,646.80",Low,Small
Nana's Family Mexican Kitchen & Cantina,393386.4,80,"491,733.00",High,Small
Bonita's Mexican Food,393402.96,80,"491,753.70",High,Small
D'tako Market,443545.47,90,"492,828.30",High,Small
Cilantro Southwest Grill,271796.085,55,"494,174.70",Average,Small
Besame Mexican Grill,345934.26,70,"494,191.80",High,Small
SumoMaya,296807.22,60,"494,678.70",Average,Medium
Salsitas Mexican Grill,148724.64,30,"495,748.80",Low,Medium
Margaritas Mexican Restaurant,99342,20,"496,710.00",Low,Medium
Los Chiludos,397722.24,80,"497,152.80",High,Medium
El Mezquite Grill,397795.68,80,"497,244.60",High,Medium
El Zacatecano Restaurant,174060,35,"497,314.29",Low,Medium
Taqueria Traspazada,273639.96,55,"497,527.20",Average,Medium
Chevys Fresh Mex,273863.205,55,"497,933.10",Average,Medium
Lone Star Taco Co.,423591.975,85,"498,343.50",High,Medium
Tamale Kitchen,149548.41,30,"498,494.70",Low,Medium
Tomasita's,398854.08,80,"498,567.60",High,Medium
Jalapenos,324357.93,65,"499,012.20",Average,Medium
Coyote Crossing - Conshohocken,224642.565,45,"499,205.70",Average,Medium
Los Huaraches,449579.97,90,"499,533.30",High,Medium
Pancho Villa,125397.225,25,"501,588.90",Low,Medium
Taqueria La Plaza,150752.34,30,"502,507.80",Low,Medium
Taco Beach Shack,326900.34,65,"502,923.60",Average,Medium
El Palomar - Santa Cruz,226618.155,45,"503,595.90",Average,Medium
Hugo's Tacos,327532.725,65,"503,896.50",Average,Medium
Estrada's Mexican Food,226958.355,45,"504,351.90",Average,Medium
Don Pisto's,75830.445,15,"505,536.30",Low,Medium
Senor Sancho's,304307.82,60,"507,179.70",Average,Medium
Besa Grill,25359.615,5,"507,192.30",Low,Medium
El Jardin Mexican Restaurant,432382.59,85,"508,685.40",High,Medium
Crawdad's River Cantina,102018.96,20,"510,094.80",Low,Medium
Jalisco Cafe,459215.73,90,"510,239.70",High,Medium
Los Gringos Locos,357656.04,70,"510,937.20",High,Medium
Cancun Mexican Restaurant,409637.52,80,"512,046.90",High,Medium
Agave Del Mar,282450.465,55,"513,546.30",Average,Medium
Carolina's Restaurant,411920.64,80,"514,900.80",High,Medium
Taco Delite,411973.92,80,"514,967.40",High,Medium
Mama Juanita's Mexican Restaurant,231896.925,45,"515,326.50",Average,Medium
Red Dog Cantina,154910.34,30,"516,367.80",Low,Medium
Los Cabos Mexican Grill,413784.72,80,"517,230.90",High,Medium
La Parrilla Mexicana,466064.28,90,"517,849.20",High,Medium
Crystal Park Cantina,310724.64,60,"517,874.40",Average,Medium
Super Taqueria,311003.28,60,"518,338.80",Average,Medium
Maria Bonita,467875.44,90,"519,861.60",High,Medium
El Pollo Taquero,390120.3,75,"520,160.40",High,Medium
El Taco Llama,442782,85,"520,920.00",High,Medium
Sergio's Mexican Restaurant,442784.295,85,"520,922.70",High,Medium
Bel'gustos,339252.03,65,"521,926.20",Average,Medium
Mariscos Ensenada,156593.25,30,"521,977.50",Low,Medium
Mas Mexicali Cantina - West Chester,417891.6,80,"522,364.50",High,Medium
Mexican Food Factory,288224.64,55,"524,044.80",Average,Medium
Pink Taco - Sunset,288437.49,55,"524,431.80",Average,Medium
El Mariachi,52494.84,10,"524,948.40",Low,Medium
Monte Real,183738.24,35,"524,966.40",Low,Medium
Viva Toro,394978.275,75,"526,637.70",High,Medium
Matheos Santafe Cafe,474843.87,90,"527,604.30",High,Medium
Cyclone Anaya's - Mosaic,475388.19,90,"528,209.10",High,Medium
Takorea,264406.95,50,"528,813.90",Average,Medium
NanaTaco,159383.16,30,"531,277.20",Low,Medium
Oh! Mexico,132836.85,25,"531,347.40",Low,Medium
Las Haciendas Mexican Bar & Grill,186094.125,35,"531,697.50",Low,Medium
Pure Taqueria,478919.79,90,"532,133.10",High,Medium
El Arriero Mexican Restaurant,26622.45,5,"532,449.00",Low,Medium
Burrito Boarder,26686.8,5,"533,736.00",Low,Medium
Los Rubios Mexican Food,186921.72,35,"534,062.06",Low,Medium
Angela's Burrito Style,187132.995,35,"534,665.70",Low,Medium
Casa Lupe,401029.65,75,"534,706.20",High,Medium
Papa's Tacos,187724.565,35,"536,355.90",Low,Medium
Cabo Wabo Cantina Las Vegas,403346.25,75,"537,795.00",High,Medium
Paradiso 37,403737.75,75,"538,317.00",High,Medium
Sandia Chile Grill,161820.99,30,"539,403.30",Low,Medium
Solita Tacos and Margaritas,270267.75,50,"540,535.50",Average,Medium
El Charro Cafe,489254.58,90,"543,616.20",High,Medium
Casa Perico,407915.325,75,"543,887.10",High,Medium
Miti Miti Global Cuisine,271990.8,50,"543,981.60",Average,Medium
Border Grill Downtown La,190859.76,35,"545,313.60",Low,Medium
Roberto's Taco Shop,382544.19,70,"546,491.70",High,Medium
Taqueria El Buen Gusto,437397.84,80,"546,747.30",High,Medium
El Palenque,301095.135,55,"547,445.70",Average,Medium
Los Vaqueros - Stockyards,219714.12,40,"549,285.30",Average,Medium
Manny's Cocina,329733.18,60,"549,555.30",Average,Medium
Vamos,412295.4,75,"549,727.20",High,Medium
Mexicue,274980.15,50,"549,960.30",Average,Medium
Josefina's Mexican Grill,412667.325,75,"550,223.10",High,Medium
Tr Cantina & Margarita Bar (downstairs),440595.36,80,"550,744.20",High,Medium
Wild Rita's Modern Mexican & Tequila Bar,275402.25,50,"550,804.50",Average,Medium
La Fogata Mexican Restaurant,495877.14,90,"550,974.60",High,Medium
El Compadre - Hollywood,55109.61,10,"551,096.10",Low,Medium
El Castillito,303612.21,55,"552,022.20",Average,Medium
La Tolteca,166029.48,30,"553,431.60",Low,Medium
Burrito Express,55360.89,10,"553,608.90",Low,Medium
Malo,27688.095,5,"553,761.90",Low,Medium
Belga Cafe,83066.715,15,"553,778.10",Low,Medium
Tlaloc,278996.85,50,"557,993.70",Average,Medium
La Casa de Samuel,27908.91,5,"558,178.20",Low,Medium
Taco Del Rey,111874.5,20,"559,372.50",Low,Medium
Gracias Madre - Sf,56030.04,10,"560,300.40",Low,Medium
Anejo Cantina & Grill,308179.575,55,"560,326.50",Average,Medium
Taco Ocho,224193.96,40,"560,484.90",Average,Medium
Tito Santana Taqueria,56075.94,10,"560,759.40",Low,Medium
89agave Cantina,336456.18,60,"560,760.30",Average,Medium
Piquant,140481.9,25,"561,927.60",Low,Medium
Mexicali Grill,309428.46,55,"562,597.20",Average,Medium
La Fiesta Grande,422448.75,75,"563,265.00",High,Medium
La Palapa 3,450725.04,80,"563,406.30",High,Medium
Margaritas,56351.07,10,"563,510.70",Low,Medium
Riviera Mexican Grill,225866.52,40,"564,666.30",Average,Medium
Mesero-knox Henderson,480174.435,85,"564,911.10",High,Medium
Villa Y Zapata,141332.85,25,"565,331.40",Low,Medium
No Mas! Cantina,424881.45,75,"566,508.60",High,Medium
El Paso,425006.325,75,"566,675.10",High,Medium
Ogo's Restaurant,56733.21,10,"567,332.10",Low,Medium
Cotixan Mexican & Seafood,198916.515,35,"568,332.90",Low,Medium
Sol Azteca Boston,483453.225,85,"568,768.50",High,Medium
Ernesto's Mexican Restaurant,369867.42,65,"569,026.80",Average,Medium
District Taco,426924.675,75,"569,232.90",High,Medium
El Jardin Restaurant,428413.05,75,"571,217.40",High,Medium
Cantina Laredo - King of Prussia,200419.38,35,"572,626.80",Low,Medium
Red Rocks Cafe & Tequila Bar,315328.86,55,"573,325.20",Average,Medium
El Molcajete Mexican Restaurant,28705.14,5,"574,102.80",Low,Medium
Café Habana,430639.875,75,"574,186.50",High,Medium
Pancheros Mexican Grill,28741.05,5,"574,821.00",Low,Medium
Tacos Sinaloa,431127.225,75,"574,836.30",High,Medium
Sotano Grill,258684.03,45,"574,853.40",Average,Medium
Cheeky Taqueria,431299.35,75,"575,065.80",High,Medium
Isabel's Cantina,287664.75,50,"575,329.50",Average,Medium
Burrito Bros,402741.36,70,"575,344.80",High,Medium
Inca Mexican Restaurant,316923.255,55,"576,224.10",Average,Medium
El Vez New York,490167.63,85,"576,667.80",High,Medium
Melissa's Taqueria,288992.25,50,"577,984.50",Average,Medium
Bajio Mexican Grill,405079.92,70,"578,685.60",High,Medium
Avenida,202663.755,35,"579,039.30",Low,Medium
Burger Express Fresh Mexican Grill,202709.745,35,"579,170.70",Low,Medium
Mariscos Las Brisas,376872.795,65,"579,804.30",Average,Medium
Crabby's Seafood and More,376900.29,65,"579,846.60",Average,Medium
Nico's Taco and Tequila Bar,145126.8,25,"580,507.20",Low,Medium
Saguaro's Mexican Food,203970.69,35,"582,773.40",Low,Medium
Taco Lobo,87436.26,15,"582,908.40",Low,Medium
Fuzzy's Taco Shop,145840.725,25,"583,362.90",Low,Medium
Taquerias Guadalajara,437622.075,75,"583,496.10",High,Medium
El Taco Fresco,437757.75,75,"583,677.00",High,Medium
Cochinita,350619.3,60,"584,365.50",Average,Medium
Happy Burrito,146275.65,25,"585,102.60",Low,Medium
Sol Y Luna Taqueria,469563.84,80,"586,954.80",High,Medium
Lito's Mexican Food,440397,75,"587,196.00",High,Medium
Azul Latin Kitchen,176540.85,30,"588,469.50",Low,Medium
El Capitan Fresh Mexican Grill,206034.885,35,"588,671.10",Low,Medium
El Pollo Fino,471105.36,80,"588,881.70",High,Medium
California Tamales House,471646.08,80,"589,557.60",High,Medium
Pepe's Finest Mexican Food,531076.5,90,"590,085.00",High,Medium
Taqueria Pico De Gallo,118055.34,20,"590,276.70",Low,Medium
La Rancherita,502699.86,85,"591,411.60",High,Medium
Red O - Los Angeles,296653.05,50,"593,306.10",Average,Medium
Rojoz Wraps & Smoothies,119065.68,20,"595,328.40",Low,Medium
Rio Grande - Denver,536548.86,90,"596,165.40",High,Medium
La Terraza Mexican Restaurant,358389.36,60,"597,315.60",Average,Medium
Mesita,179423.64,30,"598,078.80",Low,Medium
Abi Restaurant,239631.84,40,"599,079.60",Average,Medium
Jimboy's Tacos,479734.56,80,"599,668.20",High,Medium
Mi Casa Mexican Restaurant & Bar,209970.495,35,"599,915.70",Low,Medium
Bonez,510810.39,85,"600,953.40",High,Medium
La Fuente Mexican Food,390679.965,65,"601,046.10",Average,Medium
Maui Tacos,300695.4,50,"601,390.80",Average,Medium
El Indio Mexican Food Restaurant,210854.07,35,"602,440.20",Low,Medium
La Regia Taqueria,271232.55,45,"602,739.00",Average,Medium
Pancho Villa Taqueria,512387.82,85,"602,809.20",High,Medium
Gloria's Cafe,453143.025,75,"604,190.70",High,Medium
Carmelita's,272047.41,45,"604,549.80",Average,Medium
Casa Del Mar,453516.975,75,"604,689.30",High,Medium
Tia Margarita Mexican Restaurant,60618.24,10,"606,182.40",Low,Medium
Alebrijes Mexican Bistro,364704.12,60,"607,840.20",Average,Medium
Los Dos Amigos Hacienda,303994.35,50,"607,988.70",Average,Medium
Taqueria Gran Morelos,213084.585,35,"608,813.10",Low,Medium
Taqueria Camino Real,456824.475,75,"609,099.30",High,Medium
El Ranchito Burrito,121885.74,20,"609,428.70",Low,Medium
Taco King Inc.,274532.085,45,"610,071.30",Average,Medium
Casa Moreno Mexican Grill - Claremont,61105.5,10,"611,055.00",Low,Medium
Casa Alde,122290.02,20,"611,450.10",Low,Medium
Frida,91805.67,15,"612,037.80",Low,Medium
The Local Taco,398218.86,65,"612,644.40",Average,Medium
Tapas 51,245111.76,40,"612,779.40",Average,Medium
Jalisco Cantina,153354.375,25,"613,417.50",Low,Medium
Super Taco,215033.805,35,"614,382.30",Low,Medium
El Zarape Restaurant,30743.28,5,"614,865.60",Low,Medium
Crushed,553617.18,90,"615,130.20",High,Medium
Taquer��a Juanitos,554019.75,90,"615,577.50",High,Medium
Tropisueno,554352.66,90,"615,947.40",High,Medium
Las Palmas Taco Bar,185202.18,30,"617,340.60",Low,Medium
Cocina 214 ��� A Contemporary Mexican Kitchen and Bar,340188.255,55,"618,524.10",Average,Medium
Los Dos Compadres Taqueria,402159.42,65,"618,706.80",Average,Medium
Peppers Mexicali Cafe,30992.805,5,"619,856.10",Low,Medium
Tacos and Burritos Rancho Grande,465386.175,75,"620,514.90",High,Medium
El Jefe Cafe,62419.41,10,"624,194.10",Low,Medium
Junior's Taco Shop,312563.7,50,"625,127.40",Average,Medium
Sonora Cantina,31400.64,5,"628,012.80",Low,Medium
Rosarito Taco Shop,472674.15,40,"1,181,685.38",Average,Medium
Tukan Mexican Grill,567448.74,30,"1,891,495.80",Low,Medium
Santa Fe Cafe,536069.925,85,"630,670.50",High,Medium
Estrellita Mexican Bistro and Cantina,378542.16,60,"630,903.60",Average,Medium
La Pasadita Taco Shop,220925.565,35,"631,215.90",Low,Medium
El Tiempo Cantina - Vintage Park,94708.44,15,"631,389.60",Low,Medium
Mesero-inwood Village,252793.44,40,"631,983.60",Average,Medium
Baja Taqueria,189596.43,30,"631,988.10",Low,Medium
Taqueria El Pato Verde,537491.295,15,"3,583,275.30",Low,Medium
Rubio's,253128.96,40,"632,822.40",Average,Medium
Sangria's Mexican Grill,443087.82,20,"2,215,439.10",Low,Medium
Cantina,538266.24,15,"3,588,441.60",Low,Medium
Tacos Y Mas,412530.885,65,"634,662.90",Average,Medium
El Paso Mexican Restaurant,349441.785,55,"635,348.70",Average,Medium
Taqueria Allende,222449.535,35,"635,570.10",Low,Medium
Pancho's Mexican Buffet,477108.9,25,"1,908,435.60",Low,Medium
Mi Mexico,286311.51,45,"636,247.80",Average,Medium
El Torito Grill,541535.085,45,"1,203,411.30",Average,Medium
Fiesta Vallarta,477882.45,75,"637,176.60",High,Medium
El Cochinito Contento,479470.725,25,"1,917,882.90",Low,Medium
El Centro D.f. On 14th Street,544662.405,45,"1,210,360.90",Average,Medium
Taco Taco Cafe,96233.535,15,"641,556.90",Low,Medium
Cyclone Anaya's Mexican Kitchen,257097.24,40,"642,743.10",Average,Medium
Mi Tierra,578497.14,45,"1,285,549.20",Average,Medium
Cinco De Mayo,578521.44,45,"1,285,603.20",Average,Medium
La Palma Mexicatessen,547769.835,30,"1,825,899.45",Low,Medium
El Hefe - Chicago,257900.76,40,"644,751.90",Average,Medium
Bravo Taqueria,419094,65,"644,760.00",Average,Medium
Viva Mexicana,225874.845,35,"645,356.70",Low,Medium
Corazon Mexican Kitchen,32270.04,5,"645,400.80",Low,Medium
Baja Cantina - Carmel,484188.3,20,"2,420,941.50",Low,Medium
Taqueria El Sancho,258266.88,40,"645,667.20",Average,Medium
Los Cabos,419953.365,65,"646,082.10",Average,Medium
Acitron Cocina Mexicana,161625.825,25,"646,503.30",Low,Medium
El Pueblito,485139.375,15,"3,234,262.50",Low,Medium
Mamasita Bar & Grill,323452.8,50,"646,905.60",Average,Medium
Taqueria Los Gordos,258786.36,40,"646,965.90",Average,Medium
Boise Stage Stop,64753.92,10,"647,539.20",Low,Medium
Las Asadas,357537.015,55,"650,067.30",Average,Medium
La Comida - Addison,130536.54,20,"652,682.70",Low,Medium
La Serenata,326421.9,50,"652,843.80",Average,Medium
Chava's Grill,588797.1,45,"1,308,438.00",Average,Medium
Tacos California,523861.2,20,"2,619,306.00",Low,Medium
The Grub Hut,295071.255,45,"655,713.90",Average,Medium
Taco Sano On The South Side,262322.28,40,"655,805.70",Average,Medium
Barberitos,327936.15,50,"655,872.30",Average,Medium
Mi Mero Mole,460124.28,25,"1,840,497.12",Low,Medium
Solea Mexican Grill,559340.46,30,"1,864,468.20",Low,Medium
Don Panchos Taco Shop,493677.45,25,"1,974,709.80",Low,Medium
Tommy's Mexican Restaurant,493805.025,15,"3,292,033.50",Low,Medium
Casa Reveles,230569.92,35,"658,771.20",Low,Medium
Mercado,592936.2,45,"1,317,636.00",Average,Medium
Taco Sal Restaurant,32985.72,5,"659,714.40",Low,Medium
Tacos Al Carbon - Greenacres,594115.56,90,"660,128.40",High,Medium
El Mexicano,330348.6,50,"660,697.20",Average,Medium
Cactus Ya Ya,330550.2,50,"661,100.40",Average,Medium
Cotijas Taco Shop,198832.59,30,"662,775.30",Low,Medium
Alfredo's,99652.815,15,"664,352.10",Low,Medium
Uncle Julio's - Gainesville,266039.64,40,"665,099.10",Average,Medium
La Rioja,598863.78,20,"2,994,318.90",Low,Medium
Cocina Central,466460.19,70,"666,371.70",High,Medium
Zen West Roadside Cantina,267565.32,40,"668,913.30",Average,Medium
Baja Grill,568942.74,85,"669,344.40",High,Medium
Ruthie's Mexicana,502134.525,15,"3,347,563.50",Low,Medium
El Lucero,602773.65,90,"669,748.50",High,Medium
Hacienda Colorado,469318.5,20,"2,346,592.50",Low,Medium
Las Asadas Fresh Mexican Grill Taqueria,302095.17,45,"671,322.60",Average,Medium
Tacos El Charro,369562.05,55,"671,931.00",Average,Medium
The Black Ant,506018.475,20,"2,530,092.38",Low,Medium
La Hacienda Bar & Grill,608577.3,30,"2,028,591.00",Low,Medium
El Puente Mexican Restaurant,473658.57,15,"3,157,723.80",Low,Medium
Frescos Cocina Mexicana,203904.27,30,"679,680.90",Low,Medium
Taqueria Mexico,543814.56,80,"679,768.20",High,Medium
Don Tito,306534.375,45,"681,187.50",Average,Medium
Biba,307273.095,45,"682,829.10",Average,Medium
Beto's Alt-Mex,136569.06,20,"682,845.30",Low,Medium
Cyclone Anaya's - Midtown,341491.95,50,"682,983.90",Average,Medium
Casa Romero,444210.975,65,"683,401.50",Average,Medium
TACOS JR'S Home Of The Best Taco,478539.81,25,"1,914,159.24",Low,Medium
Super Burrito,410319.54,60,"683,865.90",Average,Medium
Fiesta Mexican Grill,171236.475,25,"684,945.90",Low,Medium
Lucha Cartel,582355.485,15,"3,882,369.90",Low,Medium
Adobo Grill - Downtown Indianapolis,137047.68,20,"685,238.40",Low,Medium
Loco's,411298.56,60,"685,497.60",Average,Medium
Raul and Theresa's Restaurant,274369.32,40,"685,923.30",Average,Medium
Rockin' Baja Lobster - Gaslamp,137244.24,20,"686,221.20",Low,Medium
Poco Loco,171703.125,25,"686,812.50",Low,Medium
California Tortilla,584468.415,85,"687,609.90",High,Medium
Bajio,206508.96,30,"688,363.20",Low,Medium
Alerto's Mexican Food,482804.28,15,"3,218,695.20",Low,Medium
Tito's Mexican Restaurant,276099.84,40,"690,249.60",Average,Medium
Rivera's Mexican Restaurant,103883.04,15,"692,553.60",Low,Medium
Santeria,277324.56,40,"693,311.40",Average,Medium
Guadalajara Mexican Restaurant,451718.865,65,"694,952.10",Average,Medium
Abuelo's,625575.15,25,"2,502,300.60",Low,Medium
Del Pez Mexican Gastropub,417269.88,60,"695,449.80",Average,Medium
The Crazy Gringo,348349.05,50,"696,698.10",Average,Medium
Guacamole's,69727.41,10,"697,274.10",Low,Medium
Tacombi Flatiron,174942.9,25,"699,771.60",Low,Medium
Paxia Authentic Mexican Cuisine,524889.45,75,"699,852.60",High,Medium
Salsa Cocina Mexicana,105103.44,15,"700,689.60",Low,Medium
Langosta Lounge,350739.9,50,"701,479.80",Average,Medium
Mi Pueblito,280859.4,40,"702,148.50",Average,Medium
Taqueria Maria,632234.97,90,"702,483.30",High,Medium
Cinco Ranchos Mexican Grill,422027.82,60,"703,379.70",Average,Medium
Carlos & Gabby's,527657.625,75,"703,543.50",High,Medium
La Cabana Restaurant,493284.96,70,"704,692.80",High,Medium
Romesco,176254.425,25,"705,017.70",Low,Medium
Rosa Mexicano,35289.945,5,"705,798.90",Low,Medium
Axcan Grill,105941.25,15,"706,275.00",Low,Medium
Toucan Taco,141375.06,20,"706,875.30",Low,Medium
Taqueria San Jose,530397.45,75,"707,196.60",High,Medium
El Senor Sol,534695.85,75,"712,927.80",High,Medium
La Dama Nyc,285195.24,40,"712,988.10",Average,Medium
Taqueria El Rey,142686.9,20,"713,434.50",Low,Medium
Rancho Viejo Mexican Grill,535231.8,75,"713,642.40",High,Medium
Ofelias Taqueria,178502.4,25,"714,009.60",Low,Medium
Coyote Crossing,214257.69,30,"714,192.30",Low,Medium
Taco Diner Southlake,35714.43,5,"714,288.60",Low,Medium
El Palomar,250540.29,35,"715,829.40",Low,Medium
Rio Rio Cantina,429884.28,60,"716,473.80",Average,Medium
Casa Sol y Mar,251245.575,35,"717,844.50",Low,Medium
Montecristo Mexican Grill,575367.84,80,"719,209.80",High,Medium
Rivas Mexican Food,503608.77,70,"719,441.10",High,Medium
El Charro,395995.05,55,"719,991.00",Average,Medium
El Cid Mexican Cuisine,488229.3,50,"976,458.60",Average,Medium
La Paz Restaurant Pupuseria,897676.245,85,"1,056,089.70",High,Medium
Ortega's Mexican Bistro,374701.32,35,"1,070,575.20",Low,Medium
Arturo's Grill,600899.805,55,"1,092,545.10",Average,Medium
Dos Locos Rehoboth,343252.62,30,"1,144,175.40",Low,Medium
Manuel's Mexican Restaurant,1025948.16,80,"1,282,435.20",High,Medium
Taqueria La Vaquita,67202.865,5,"1,344,057.30",Low,Medium
El Parasol,543465.72,40,"1,358,664.30",Average,Medium
Spicy Mexican Grill,690525.45,50,"1,381,050.90",Average,Medium
Taqueria Los Altos,946301.85,65,"1,455,849.00",Average,Medium
Coasterra,73414.305,5,"1,468,286.10",Low,Medium
El Toro Loco,224821.845,15,"1,498,812.30",Low,Medium
Mi Cocina The Woodlands,1224036.72,80,"1,530,045.90",High,Medium
Chido Burrito,868310.19,55,"1,578,745.80",Average,Medium
Quesadilla La Reyna del Sur,1201683.6,75,"1,602,244.80",High,Medium
Don Antonio's,1047217.275,65,"1,611,103.50",Average,Medium
Anita's Mexican Restaurant,1048693.23,65,"1,613,374.20",Average,Medium
Ochoa Family Chorizo,816299.1,50,"1,632,598.20",Average,Medium
Original Pollo's,343238.22,20,"1,716,191.10",Low,Medium
Beach House Fish,626213.385,35,"1,789,181.10",Low,Medium
Capitol City Sports Grille,1434571.92,80,"1,793,214.90",High,Medium
Chico Julio,184158,10,"1,841,580.00",Low,Medium
Tacos Mexico,93898.89,5,"1,877,977.80",Low,Medium
Jalapenos Grill,755723.52,40,"1,889,308.80",Average,Medium
La Cantina,308896.74,15,"2,059,311.60",Low,Medium
Javelina,957744.405,45,"2,128,320.90",Average,Medium
Salsa A La Salsa - Downtown (nicollet),1355079.78,60,"2,258,466.30",Average,Medium
Casa Olé,571026.825,25,"2,284,107.30",Low,Medium
Casa Don Diego,342683.19,15,"2,284,554.60",Low,Medium
Mezcal Denver,1757757.375,75,"2,343,676.50",High,Medium
Guadalajara Del Centro,826977.69,35,"2,362,793.40",Low,Medium
Iron Horse Restaurant,243265.05,10,"2,432,650.50",Low,Medium
Verde Kitchen & Cocktails,2238881.31,90,"2,487,645.90",High,Medium
Cristiana's Tacos,385182,15,"2,567,880.00",Low,Medium
Mez,1166374.485,45,"2,591,943.30",Average,Medium
Casa Rojas Express,2119789.44,80,"2,649,736.80",High,Medium
Casa Maya,1601781.48,60,"2,669,635.80",Average,Medium
Sabor De Mexico,408487.995,15,"2,723,253.30",Low,Medium
Wahoo's Fish Taco,568000.98,20,"2,840,004.90",Low,Medium
Milagros Fresh Mexican,590801.22,20,"2,954,006.10",Low,Medium
La Slowteria,456302.97,15,"3,042,019.80",Low,Medium
Los Arroyos,307128.33,10,"3,071,283.30",Low,Medium
El Burrito Jr,1248384.96,40,"3,120,962.40",Average,Medium
Solita Tacos & Margaritas,2383841.475,75,"3,178,455.30",High,Medium
Matanza Beer Kitchen,972620.19,30,"3,242,067.30",Low,Medium
El Habanero Mexican Food,1165482.99,35,"3,329,951.40",Low,Medium
Casa Ranchero,2546980.2,75,"3,395,973.60",High,Medium
Cactus Taqueria,1203508.53,35,"3,438,595.80",Low,Medium
El Chivazo Salvadorian Mexican Restaurant,352269.09,10,"3,522,690.90",Low,Medium
Poquito Mas,2313826.515,65,"3,559,733.10",Average,Medium
Drag Brunch @ Senor Frogs - Miami,180877.41,5,"3,617,548.20",Low,Medium
La Taqueria,570110.4,15,"3,800,736.00",Low,Medium
Lopez Southwest Kitchen,2317536.36,60,"3,862,560.60",Average,Medium
Tortilla Cantina,2186808.525,55,"3,976,015.50",Average,Medium
Taco 'n Madre,2155834.8,50,"4,311,669.60",Average,Medium
Table Mountain Grill & Cantina,221011.965,5,"4,420,239.30",Low,Medium
5 De Mayo,2021465.565,45,"4,492,145.70",Average,Medium
Los Amigos,456469.38,10,"4,564,693.80",Low,Medium
Maria's Bistro Mexicano,2055499.74,45,"4,567,777.20",Average,Big
G&l Chili Dogs,1418250.06,30,"4,727,500.20",Low,Big
Los Antojitos Restaurant,1672996.5,35,"4,779,990.00",Low,Big
La Playita,725259.42,15,"4,835,062.80",Low,Big
Juan Jaime's Tacos and Tequila,496862.28,10,"4,968,622.80",Low,Big
El Farolito,2240908.335,45,"4,979,796.30",Average,Big
Tacos Express,3494083.32,70,"4,991,547.60",High,Big
Pico De Gallo,2496713.85,50,"4,993,427.70",Average,Big
Woodward Avenue Brewers,250874.19,5,"5,017,483.80",Low,Big
La Esperanza,766326.15,15,"5,108,841.00",Low,Big
Birrieria La Barca De Jalisco,4676286.33,90,"5,195,873.70",High,Big
Taco Salsa,521897.58,10,"5,218,975.80",Low,Big
Gardens of Taxco,3247362.9,60,"5,412,271.50",Average,Big
Olas Mex Grill,1106233.92,20,"5,531,169.60",Low,Big
Puerto Vallarta Restaurant,4354871.85,75,"5,806,495.80",High,Big
Sol Mexican Grill,872193.42,15,"5,814,622.80",Low,Big
Taqueria La Mexicana,3796776.36,65,"5,841,194.40",Average,Big
Zona Fresca,3913491.465,65,"6,020,756.10",Average,Big
El Rayo Taqueria,1237034.88,20,"6,185,174.40",Low,Big
Puesto La Jolla,1248436.62,20,"6,242,183.10",Low,Big
Everest,2819022.75,45,"6,264,495.00",Average,Big
Manuel's Great Hills,4950105.75,50,"9,900,211.50",Average,Big
Tio Leo's Mexican Restaurant,14719451.22,90,"16,354,945.80",High,Big
Taco Diner Addison,8228220.3,50,"16,456,440.60",Average,Big
Z'tejas ,14627458.8,80,"18,284,323.50",High,Big
Pollo Campero,6967416.645,35,"19,906,904.70",Low,Big
Chili's,2143362.6,10,"21,433,626.00",Low,Big
Tequila Ranch,7977421.35,30,"26,591,404.50",Low,Big
Juarez Mexican Restaurant,13952108.25,50,"27,904,216.50",Average,Big
Carrburritos,15709979.25,50,"31,419,958.50",Average,Big
Gonza Tacos Y Tequila,14154782.4,45,"31,455,072.00",Average,Big
Baja Fresh Mexican Grill,29254998.42,90,"32,505,553.80",High,Big
Arnaldo Richards' Picos,14878444.32,40,"37,196,110.80",Average,Big
Chuy's,35412176.66,85,"41,661,384.30",High,Big
Faz's Tex Mex Grill,38127371.49,90,"42,363,746.10",High,Big
Cosmic Cantina,33917117.04,80,"42,396,396.30",High,Big
Tierra Mexi Cali Grill,34014320.64,80,"42,517,900.80",High,Big
Taco Cabana,29868320.43,65,"45,951,262.20",Average,Big
Mota's Mexican Restaurant,16372225.17,35,"46,777,786.20",Low,Big
El Mirador,13245783.98,25,"52,983,135.90",Low,Big
Agave Mexican Bistro,45263616.39,85,"53,251,313.40",High,Big
Gallego's Mexican Restaurant,8085985.38,15,"53,906,569.20",Low,Big
Dos Amigos Burritos,5479985.34,10,"54,799,853.40",Low,Big
Parrilla Grill,32927514.66,60,"54,879,191.10",Average,Big
Cine,3060512.955,5,"61,210,259.10",Low,Big
Toloache-midtown,18486444.24,30,"61,621,480.80",Low,Big
Freebirds World Burrito,53668750.95,85,"63,139,707.00",High,Big
Chile Ranchero Inc,62588930.18,85,"73,634,035.50",High,Big
Tia Margarita,60190843.68,80,"75,238,554.60",High,Big
El Rincon Espanol Restaurants,37692622.35,50,"75,385,244.70",Average,Big
Quique's Taqueria,26402802.12,30,"88,009,340.40",Low,Big
China Poblano - The Cosmopolitan of Las Vegas,79555532.67,90,"88,395,036.30",High,Big
Qdoba Mexican Grill,235338210,45,"522,973,800.00",Average,Big
Moe's Southwest Grill,39727673.1,10,"397,276,731.00",Low,Big
Playa,264734841.2,65,"407,284,371.00",Average,Big
Casa Fiesta,378002618.2,90,"420,002,909.10",High,Big
Del Taco,316262670.1,75,"421,683,560.16",High,Big
El Pollo Loco,70488797,15,"469,925,313.30",Low,Big
Bueno Loco Mexican Restaurante,406624000.4,85,"478,381,176.95",High,Big
Mama Carla,183455292.9,15,"1,223,035,286.00",Low,Big
Chipotle Mexican Grill,233261721.3,10,"2,332,617,213.18",Low,Big
Taco Bell,393325160,10,"3,933,251,600.00",Low,Big
