Company,Valuation ($B),Year joined,Country,City,Industry
ByteDance,$225,2017,China,Beijing,Media & Entertainment
SpaceX,$150,2012,United States,Hawthorne,Industrials
OpenAI,$80,2024,United States,San Francisco,Enterprise Tech
SHEIN,$66,2018,Singapore,Singapore City,Consumer & Retail
Stripe,$65,2024,United States,San Francisco,Financial Services
Databricks,$43,2019,United States,San Francisco,Enterprise Tech
Canva,$25.40,2018,Australia,Surry Hills,Enterprise Tech
Revolut,$33,2024,United Kingdom,London,Financial Services
Epic Games,$22.50,2024,United States,Cary,Media & Entertainment
Fanatics,$31,2012,United States,Jacksonville,Consumer & Retail
Chime,$25,2019,United States,San Francisco,Financial Services
Xiaohongshu,$20,2024,China,Shanghai,Media & Entertainment
Miro,$17.50,2022,United States,San Francisco,Enterprise Tech
Anthropic,$16.05,2023,United States,San Francisco,Enterprise Tech
Yuanfudao,$15.50,2024,China,Beijing,Consumer & Retail
DJI Innovations,$15,2024,China,Shenzhen,Industrials
Discord,$15,2024,United States,San Francisco,Media & Entertainment
Gopuff,$15,2020,United States,Philadelphia,Consumer & Retail
Yuanqi Senlin,$15,2020,China,Beijing,Consumer & Retail
Ripple,$15,2024,United States,San Francisco,Financial Services
Plaid,$13.50,2018,United States,San Francisco,Financial Services
OpenSea,$13.30,2024,United States,New York,Media & Entertainment
Celonis,$13,2021,Germany,Munich,Enterprise Tech
Grammarly,$13,2019,United States,San Francisco,Media & Entertainment
Devoted Health,$12.90,2021,United States,Waltham,Healthcare & Life Sciences
Faire,$12.59,2022,United States,San Francisco,Consumer & Retail
Brex,$12.30,2018,United States,San Francisco,Enterprise Tech
JUUL Labs,$12,2022,United States,San Francisco,Consumer & Retail
Bitmain Technologies,$12,2018,China,Beijing,Enterprise Tech
GoodLeap,$12,2022,United States,Roseville,Financial Services
Xingsheng Selected,$12,2019,China,Changsha,Consumer & Retail
Deel,$12,2021,United States,San Francisco,Enterprise Tech
Airtable,$11.70,2021,United States,San Francisco,Enterprise Tech
BYJU's,$11.50,2021,India,Bengaluru,Consumer & Retail
ZongMu Technology,$11.40,2021,China,Shanghai,Industrials
Rippling,$11.25,2020,United States,San Francisco,Enterprise Tech
Global Switch,$11.10,2022,United Kingdom,London,Enterprise Tech
Checkout.com,$11,2019,United Kingdom,London,Financial Services
Bolt,$11,2021,United States,San Francisco,Financial Services
Alchemy,$10.20,2021,United States,San Francisco,Enterprise Tech
Huolala,$10,2015,China,Guangzhou,Industrials
Wiz,$10,2018,Israel,Tel Aviv,Enterprise Tech
Gusto,$10,2018,United States,San Francisco,Financial Services
Chehaoduo,$10,2016,China,Beijing,Consumer & Retail
Talkdesk,$10,2018,United States,San Francisco,Enterprise Tech
Notion,$10,2020,United States,San Francisco,Enterprise Tech
Digital Currency Group,$10,2021,United States,New York,Financial Services
KuCoin,$10,2022,Seychelles,Victoria,Financial Services
ServiceTitan,$9.50,2022,United States,Glendale,Industrials
HEYTEA,$9.28,2019,China,Shenzhen,Consumer & Retail
N26,$9.23,2019,Germany,Berlin,Financial Services
Navan,$9.20,2018,United States,Palo Alto,Enterprise Tech
VAST Data,$9.10,2022,United States,New York,Enterprise Tech
Northvolt,$9.08,2019,Sweden,Stockholm,Industrials
Tanium,$9,2022,United States,Kirkland,Enterprise Tech
Niantic,$9,2021,United States,San Francisco,Media & Entertainment
OYO Rooms,$9,2021,India,Gurugram,Consumer & Retail
Getir,$8.80,2021,Turkey,Istanbul,Consumer & Retail
Rapyd,$8.75,2019,United Kingdom,London,Financial Services
Kavak,$8.70,2020,Mexico,Lerma de Villada,Industrials
Nuro,$8.60,2019,United States,Mountain View,Industrials
Chainalysis,$8.60,2021,United States,New York,Financial Services
Pony.ai,$8.60,2018,United States,Fremont,Industrials
Personio,$8.50,2022,Germany,Munich,Enterprise Tech
Anduril,$8.48,2019,United States,Irvine,Industrials
SumUp,$8.50,2023,United Kingdom,London,Financial Services
Bolt,$8.40,2022,Estonia,Tallinn,Industrials
Lacework,$8.30,2021,United States,San Jose,Enterprise Tech
Tipalti,$8.30,2020,United States,San Mateo,Enterprise Tech
Tempus,$8.10,2020,United States,Chicago,Healthcare & Life Sciences
Swiggy,$8,2020,India,Bengaluru,Consumer & Retail
Dream11,$8,2019,India,Mumbai,Media & Entertainment
Fireblocks,$8,2015,United States,New York,Financial Services
Flexport,$8,2018,United States,San Francisco,Industrials
FalconX,$8,2021,United States,San Mateo,Financial Services
Caris,$7.83,2021,United States,Irving,Healthcare & Life Sciences
Dapper Labs,$7.60,2019,Canada,Vancouver,Media & Entertainment
Netskope,$7.50,2014,United States,Santa Clara,Enterprise Tech
Razorpay,$7.50,2020,India,Bengaluru,Financial Services
Automattic,$7.50,2015,United States,San Francisco,Media & Entertainment
Carta,$7.40,2019,United States,San Francisco,Financial Services
Snyk,$7.40,2018,United States,Boston,Enterprise Tech
Scale AI,$7.30,2019,United States,San Francisco,Enterprise Tech
Gong,$7.25,2020,United States,Palo Alto,Enterprise Tech
Gemini,$7.10,2020,United States,New York,Financial Services
Blockchain.com,$7,2021,United Kingdom,London,Financial Services
Toss,$7,2018,South Korea,Seoul,Financial Services
We Doctor,$7,2022,China,Hangzhou,Healthcare & Life Sciences
Ro,$7,2022,United States,New York,Healthcare & Life Sciences
ConsenSys,$7,2022,United States,New York,Enterprise Tech
Automation Anywhere,$6.80,2018,United States,San Jose,Enterprise Tech
1Password,$6.80,2021,Canada,Toronto,Enterprise Tech
Klarna,$6.70,2011,Sweden,Stockholm,Financial Services
Ziroom,$6.60,2021,China,Beijing,Consumer & Retail
SVOLT,$6.51,2020,China,Changzhou,Industrials
National Stock Exchange of India,$6.50,2020,India,Mumbai,Financial Services
Mollie,$6.50,2020,Netherlands,Amsterdam,Financial Services
Ola,$7.50,2021,India,Bengaluru,Industrials
Doctolib,$6.40,2021,France,Paris,Healthcare & Life Sciences
CRED,$6.40,2021,India,Bengaluru,Financial Services
DataRobot,$6.30,2022,United States,Boston,Enterprise Tech
Upgrade,$6.28,2018,United States,San Francisco,Financial Services
Hinge Health,$6.20,2021,United States,San Francisco,Healthcare & Life Sciences
Black Unicorn Factory,$6.10,2022,United States,Los Angeles,Enterprise Tech
Benchling,$6.10,2022,United States,San Francisco,Healthcare & Life Sciences
Applied Intuition,$6,2020,United States,Sunnyvale,Industrials
Commure,$6,2021,United States,San Francisco,Healthcare & Life Sciences
Royole Corporation,$6,2021,China,Shenzhen,Industrials
iCapital Network,$6,2022,United States,New York,Financial Services
6Sense,$5.20,2022,United States,San Francisco,Enterprise Tech
Attentive,$5.99,2022,United States,Hoboken,Enterprise Tech
Easyhome,$5.78,2018,China,Beijing,Consumer & Retail
Lianjia,$5.77,2016,China,Beijing,Financial Services
Cityblock Health,$5.70,2020,United States,Brooklyn,Healthcare & Life Sciences
Workato,$5.70,2021,United States,Mountain View,Enterprise Tech
Back Market,$5.70,2022,France,Paris,Consumer & Retail
RELEX,$5.70,2022,Finland,Helsinki,Consumer & Retail
The Boring Company,$5.70,2021,United States,Pflugerville,Industrials
Postman,$5.60,2020,United States,San Francisco,Enterprise Tech
FiveTran,$5.60,2021,United States,Oakland,Enterprise Tech
ContentSquare,$5.60,2022,France,Paris,Enterprise Tech
Trade Republic,$5.36,2022,Germany,Berlin,Financial Services
Rappi,$5.25,2022,Colombia,Bogota,Consumer & Retail
Collibra,$5.25,2022,Belgium,Brussels,Enterprise Tech
OneTrust,$4.50,2019,United States,Atlanta,Enterprise Tech
QuintoAndar,$5.10,2019,Brazil,Campinas,Financial Services
Monzo,$5.07,2020,United Kingdom,London,Financial Services
C6 Bank,$5.05,2020,Brazil,Sao Paulo,Financial Services
Redwood Materials,$5,2021,United States,Carson City,Industrials
Hello TransTech,$5,2018,China,Shanghai,Industrials
Airwallex,$5.50,2019,Australia,Melbourne,Financial Services
Mambu,$5.50,2021,Netherlands,Amsterdam,Financial Services
Horizon Robotics,$5,2020,China,Beijing,Industrials
Howden Group Holdings,$5,2022,United Kingdom,London,Insurance
SambaNova Systems,$5,2023,United States,Palo Alto,Enterprise Tech
ZEPZ,$5,2021,United Kingdom,London,Financial Services
OakNorth Bank,$5,2017,United Kingdom,London,Financial Services
Moon Active,$5,2021,Israel,Tel Aviv,Media & Entertainment
OfBusiness,$5,2021,India,Gurgaon,Industrials
Cockroach Labs,$5,2021,United States,New York,Enterprise Tech
Pine Labs,$5,2021,India,Noida,Financial Services
Qonto,$5,2022,France,Paris,Enterprise Tech
Ola Electric Mobility,$5.50,2019,India,Bengaluru,Industrials
Icertis,$5,2021,United States,Bellevue,Enterprise Tech
Hopper,$5,2021,Canada,Montreal,Consumer & Retail
VerSe Innovation,$5,2022,India,Bengaluru,Media & Entertainment
ShareChat,$5,2021,India,Bengaluru,Media & Entertainment
Coalition,$5,2021,United States,San Francisco,Insurance
Grafana Labs,$4.93,2021,United States,New York,Enterprise Tech
Meesho,$3.50,2021,India,Bengaluru,Consumer & Retail
Cerebral,$4.80,2021,United States,San Francisco,Healthcare & Life Sciences
Creditas,$4.80,2018,Brazil,Sao Paulo,Financial Services
Reify Health,$4.80,2021,United States,Boston,Healthcare & Life Sciences
Chipone,$4.73,2019,China,Beijing,Industrials
BetterUp,$4.70,2017,United States,San Francisco,Enterprise Tech
Pleo,$4.70,2021,Denmark,Copenhagen,Enterprise Tech
SonarSource,$4.70,2018,Switzerland,Geneva,Enterprise Tech
Lyra Health,$5.85,2019,United States,Burlingame,Healthcare & Life Sciences
Ramp,$5.80,2022,United States,New York,Enterprise Tech
Checkr,$4.60,2023,United States,San Francisco,Enterprise Tech
Skims,$4,2021,United States,Los Angeles,Consumer & Retail
Color,$4.60,2021,United States,Burlingame,Healthcare & Life Sciences
Lendable,$4.58,2018,United Kingdom,London,Financial Services
Vinted,$4.53,2021,Lithuania,Vilnius,Consumer & Retail
VIPKid,$4.50,2016,China,Beijing,Consumer & Retail
Socure,$4.50,2021,United States,New York,Financial Services
wefox,$4.50,2019,Germany,Berlin,Insurance
Lenskart,$4.50,2023,India,Faridabad,Consumer & Retail
Hugging Face,$4.50,2022,United States,New York,Enterprise Tech
Outreach,$4.40,2021,United States,Seattle,Enterprise Tech
WeRide,$4.40,2022,China,Guangzhou,Industrials
Guild Education,$4.40,2021,United States,Denver,Enterprise Tech
Arctic Wolf Networks,$4.30,2014,United States,Eden Prairie,Enterprise Tech
OutSystems,$4.30,2018,United States,Boston,Enterprise Tech
Sorare,$4.30,2019,France,Paris,Media & Entertainment
Zipline,$4.20,2020,United States,South San Francisco,Industrials
Relativity,$4.20,2021,United States,Inglewood,Industrials
Miaoshou Doctor,$4.25,2021,China,Beijing,Healthcare & Life Sciences
ThoughtSpot,$4.20,2018,United States,Sunnyvale,Enterprise Tech
Globalization Partners,$4.20,2021,United States,Boston,Enterprise Tech
dbt Labs,$4.20,2018,United States,Philadelphia,Enterprise Tech
SSENSE,$4.15,2021,Canada,Montreal,Consumer & Retail
Dataminr,$4.10,2018,United States,New York,Enterprise Tech
BitPanda,$4.11,2018,Austria,Vienna,Financial Services
Weee!,$4.10,2020,United States,Fremont,Consumer & Retail
Skydance Media,$4,2020,United States,Santa Monica,Media & Entertainment
Houzz,$4,2020,United States,Palo Alto,Consumer & Retail
Yello Mobile,$4,2014,South Korea,Seoul,Consumer & Retail
Inflection AI,$4,2014,United States,Palo Alto,Enterprise Tech
MEGVII,$4,2017,China,Beijing,Enterprise Tech
Greensill,$4,2018,United Kingdom,London,Financial Services
Impossible Foods,$4,2019,United States,Redwood City,Consumer & Retail
Radiology Partners,$4,2022,United States,El Segundo,Healthcare & Life Sciences
Next Insurance,$4,2019,United States,Palo Alto,Insurance
PointClickCare,$4,2021,Canada,Mississauga,Healthcare & Life Sciences
Zapier,$4,2023,United States,Sunnyvale,Enterprise Tech
Clubhouse,$4,2018,United States,San Francisco,Media & Entertainment
BrowserStack,$4,2019,Ireland,Dublin,Enterprise Tech
Rubrik,$4,2022,United States,Palo Alto,Enterprise Tech
Melio,$4,2018,United States,New York,Financial Services
Vuori,$4,2021,United States,Carlsbad,Consumer & Retail
ClickUp,$4,2021,United States,San Diego,Enterprise Tech
Cerebras Systems,$4,2021,United States,Los Altos,Enterprise Tech
Farmers Business Network,$4,2020,United States,San Carlos,Industrials
Branch,$4,2018,United States,Redwood City,Enterprise Tech
Aurora Solar,$4,2021,United States,San Francisco,Industrials
Webflow,$4,2021,United States,San Francisco,Enterprise Tech
Yuga Labs,$4,2014,United States,Miami,Media & Entertainment
Digit Insurance,$4,2015,India,Bengaluru,Insurance
Abnormal Security,$4,2022,United States,San Francisco,Enterprise Tech
Medlinker,$3.92,2020,China,Chengdu,Healthcare & Life Sciences
StockX,$3.80,2021,United States,Detroit,Consumer & Retail
MessageBird,$3.80,2020,Netherlands,Amsterdam,Enterprise Tech
Articulate,$3.75,2021,United States,New York,Enterprise Tech
Dutchie,$3.75,2023,United States,Bend,Consumer & Retail
Cohesity,$3.70,2018,United States,San Jose,Enterprise Tech
Dataiku,$3.70,2019,United States,New York,Enterprise Tech
GOAT,$3.70,2020,United States,Culver City,Consumer & Retail
Noom,$3.70,2021,United States,New York,Healthcare & Life Sciences
Papaya Global,$3.70,2021,United States,New York,Enterprise Tech
Abogen,$3.70,2021,China,Suzhou,Healthcare & Life Sciences
Harness,$3.70,2021,United States,San Francisco,Enterprise Tech
Whatnot,$3.70,2021,United States,Marina del Rey,Consumer & Retail
o9 Solutions,$3.70,2021,United States,Dallas,Enterprise Tech
Autograph,$3.66,2021,United States,Santa Monica,Media & Entertainment
Relativity,$3.60,2022,United States,Chicago,Enterprise Tech
Whoop,$3.60,2015,United States,Boston,Healthcare & Life Sciences
Course Hero,$3.60,2020,United States,Redwood City,Consumer & Retail
SpotOn,$3.60,2017,United States,San Francisco,Financial Services
Otto Bock HealthCare,$3.52,2019,Germany,Duderstadt,Healthcare & Life Sciences
Indigo Ag,$3.50,2017,United States,Boston,Industrials
eToro,$3.50,2018,United Kingdom,London,Financial Services
HyalRoute,$3.50,2023,Singapore,Singapore City,Industrials
Rec Room,$3.50,2018,United States,Seattle,Media & Entertainment
Mirakl,$3.50,2019,France,Paris,Consumer & Retail
Tekion,$3.50,2018,United States,San Ramon,Industrials
GoStudent,$3.50,2018,Austria,Vienna,Consumer & Retail
Highspot,$3.50,2022,United States,Seattle,Enterprise Tech
Handshake,$3.50,2021,United States,San Francisco,Enterprise Tech
ChargeBee Technologies,$3.50,2017,United States,San Francisco,Financial Services
Flock Safety,$3.50,2018,United States,Atlanta,Consumer & Retail
Helion Energy,$3.50,2021,United States,Redmond,Industrials
Acronis,$3.50,2021,Switzerland,Schaffhausen,Enterprise Tech
Unacademy,$3.44,2020,India,Bengaluru,Consumer & Retail
Odoo,$3.43,2020,Belgium,Louvain-la-Neuve,Enterprise Tech
MoonPay,$3.40,2021,United States,Miami,Financial Services
Upstox,$3.40,2021,India,Mumbai,Financial Services
Improbable,$3.36,2017,United Kingdom,London,Media & Entertainment
Youxia Motors,$3.35,2018,China,Shanghai,Industrials
OwnBackup,$3.35,2021,United States,Englewood Cliffs,Enterprise Tech
Starburst,$3.35,2021,United States,Boston,Enterprise Tech
Sila,$3.30,2020,United States,Alameda,Industrials
Komodo Health,$3.30,2020,United States,San Francisco,Healthcare & Life Sciences
Kurly,$3.30,2021,South Korea,Seoul,Consumer & Retail
Cars24,$3.30,2021,India,Gurgaon,Industrials
BlockDaemon,$3.25,2021,United States,Los Angeles,Financial Services
Dadi Cinema,$3.24,2016,China,Shenzhen,Media & Entertainment
Aiven,$3.21,2021,Finland,Helsinki,Enterprise Tech
Thumbtack,$3.20,2021,United States,San Francisco,Consumer & Retail
Cedar,$3.20,2021,United States,New York,Healthcare & Life Sciences
Eruditus Executive Education,$3.20,2021,India,Mumbai,Enterprise Tech
Blockstream,$3.20,2015,Canada,Vancouver,Financial Services
Innovaccer,$3.20,2021,United States,San Francisco,Healthcare & Life Sciences
Ironclad,$3.20,2021,United States,Sacramento,Enterprise Tech
Eikon Therapeutics,$3.20,2022,United States,Hayward,Healthcare & Life Sciences
Retool,$3.20,2021,United States,San Francisco,Enterprise Tech
Verkada,$3.20,2021,United States,San Mateo,Industrials
PsiQuantum,$3.15,2019,United States,Palo Alto,Enterprise Tech
HighRadius,$3.10,2020,United States,Houston,Financial Services
Bilt Rewards,$3.10,2020,United States,New York,Financial Services
Nuvemshop,$3.10,2021,Brazil,Sao Paulo,Consumer & Retail
LayerZero Labs,$3,2023,United States,New York,Enterprise Tech
Nord Security,$3,2022,Lithuania,Vilnius,Enterprise Tech
Yixia,$3,2023,China,Beijing,Media & Entertainment
Traveloka,$3,2017,Indonesia,Jakarta,Consumer & Retail
SouChe Holdings,$3,2017,China,Hangzhou,Industrials
BGL Group,$3,2018,United Kingdom,Peterborough,Insurance
Circle,$3,2021,United States,Boston,Financial Services
Zuoyebang,$3,2021,China,Beijing,Consumer & Retail
FlixMobility,$3,2021,Germany,Munich,Industrials
Wildlife Studios,$3,2019,Brazil,Sao Paulo,Media & Entertainment
ApplyBoard,$3.20,2020,Canada,Kitchener,Consumer & Retail
Forter,$3,2020,United States,New York,Enterprise Tech
Calendly,$3,2020,United States,Atlanta,Enterprise Tech
BlockFi,$3,2021,United States,Jersey City,Financial Services
ActiveCampaign,$3,2021,United States,Chicago,Enterprise Tech
CMR Surgical,$3,2015,United Kingdom,Cambridge,Healthcare & Life Sciences
Lucid Software,$3,2017,United States,South Jordan,Enterprise Tech
Age of Learning,$3,2016,United States,Glendale,Consumer & Retail
Carbon Health,$3,2017,United States,San Francisco,Healthcare & Life Sciences
Contentful,$3,2020,Germany,Berlin,Enterprise Tech
LaunchDarkly,$3,2021,United States,Oakland,Enterprise Tech
Seismic,$3,2021,United States,San Diego,Enterprise Tech
Sky Mavis,$3,2021,Vietnam,Ho Chi Minh City,Media & Entertainment
Outschool,$3,2018,United States,San Francisco,Consumer & Retail
TradingView,$3,2017,United States,Westerville,Financial Services
Groww,$3,2021,India,Bengaluru,Financial Services
Podium,$3,2020,United States,Lehi,Consumer & Retail
Via,$3.50,2019,United States,New York,Industrials
Anchorage Digital,$3,2021,United States,San Francisco,Financial Services
Inxeption,$3,2021,United States,San Francisco,Industrials
Lattice,$3,2021,United States,San Francisco,Enterprise Tech
Flutterwave,$3,2021,United States,San Francisco,Financial Services
Amber Group,$3,2021,Singapore,Singapore City,Financial Services
Cross River Bank,$3,2022,United States,Fort Lee,Financial Services
Remote,$3,2021,United States,San Francisco,Enterprise Tech
Sentry,$3,2023,United States,San Francisco,Enterprise Tech
Kraken,$2.92,2017,United States,San Francisco,Financial Services
Workrise,$2.90,2018,United States,Austin,Industrials
BharatPe,$2.85,2021,India,New Delhi,Financial Services
Gokin Solar,$2.88,2021,China,Zhuhai,Industrials
DriveWealth,$2.85,2021,United States,Chatham,Financial Services
Alan,$2.85,2021,France,Paris,Healthcare & Life Sciences
Meicai,$2.80,2022,China,Beijing,Consumer & Retail
Nutrabolt,$2.79,2022,United States,Austin,Consumer & Retail
Graphcore,$2.77,2023,United Kingdom,Bristol,Enterprise Tech
Illumio,$2.75,2021,United States,Sunnyvale,Enterprise Tech
MasterClass,$2.75,2020,United States,San Francisco,Media & Entertainment
Dream Games,$2.75,2020,Turkey,Istanbul,Media & Entertainment
Transmit Security,$2.74,2021,Israel,Tel Aviv,Enterprise Tech
Hozon Auto,$3.95,2021,China,Shanghai,Industrials
Tradeshift,$2.70,2021,United States,San Francisco,Enterprise Tech
Nextiva,$2.70,2021,United States,Scottsdale,Enterprise Tech
Tridge,$2.70,2022,South Korea,Seoul,Industrials
Thought Machine,$2.70,2019,United Kingdom,London,Financial Services
Starling Bank,$2.69,2021,United Kingdom,London,Financial Services
Figure,$2.68,2020,United States,Sunnyvale,Industrials
BackBase,$2.66,2022,Netherlands,Amsterdam,Financial Services
ManoMano,$2.60,2021,France,Paris,Consumer & Retail
Sourcegraph,$2.62,2020,United States,San Francisco,Enterprise Tech
Pendo,$2.60,2021,United States,Raleigh,Enterprise Tech
Plume,$2.60,2021,United States,Palo Alto,Industrials
Moglix,$2.60,2021,Singapore,Singapore City,Industrials
Axonius,$2.60,2021,United States,New York,Enterprise Tech
Xinchao Media,$2,2018,China,Chengdu,Media & Entertainment
JumpCloud,$2.62,2012,United States,Louisville,Enterprise Tech
Unico,$2.60,2021,Brazil,Sao Paulo,Enterprise Tech
Bending Spoons,$2.55,2020,Italy,Milan,Consumer & Retail
Oura,$2.55,2022,Finland,Oulu,Healthcare & Life Sciences
JUST Egg,$2.59,2021,United States,San Francisco,Consumer & Retail
Cribl,$2.50,2022,United States,San Francisco,Enterprise Tech
Jetti Resources,$2.50,2015,United States,Boulder,Industrials
ChaBaiDao,$2.52,2023,China,Chengdu,Consumer & Retail
Claroty,$2.50,2018,United States,New York,Enterprise Tech
AlphaSense,$2.50,2018,United States,New York,Enterprise Tech
Moonshot AI,$2.50,2020,China,Beijing,Consumer & Retail
Vista Global,$2.50,2023,United Arab Emirates,Dubai,Industrials
BYTON,$2.50,2018,China,Nanjing,Industrials
Side,$2.50,2023,United States,San Francisco,Financial Services
Spring Health,$2.50,2023,United States,New York,Healthcare & Life Sciences
Infra.Market,$2.50,2017,India,Thane,Industrials
Varo Bank,$2.50,2021,United States,San Francisco,Financial Services
Cato Networks,$3,2019,Israel,Tel Aviv,Enterprise Tech
Aura,$2.50,2021,United States,Burlington,Consumer & Retail
Vercel,$2.50,2019,United States,San Francisco,Enterprise Tech
Sysdig,$2.50,2021,United States,San Francisco,Enterprise Tech
Zetwerk,$2.80,2021,India,Bengaluru,Industrials
Uniphore,$2.50,2016,United States,Palo Alto,Enterprise Tech
Somatus,$2.50,2020,United States,McLean,Healthcare & Life Sciences
Immutable,$2.50,2022,Australia,Sydney,Media & Entertainment
A24 Films,$2.50,2022,United States,New York,Media & Entertainment
SiFive,$2.50,2021,United States,San Mateo,Enterprise Tech
Games24x7,$2.50,2021,India,Mumbai,Media & Entertainment
Fetch,$2.50,2021,United States,Madison,Consumer & Retail
Coda Payments,$2.50,2021,Singapore,Singapore City,Financial Services
DriveNets,$2.50,2023,Israel,Ra'anana,Enterprise Tech
Hibob,$2.45,2021,Israel,Tel Aviv,Enterprise Tech
Uala,$2.45,2016,Argentina,Buenos Aires,Financial Services
Mobile Premier League,$2.45,2020,India,Bengaluru,Media & Entertainment
insitro,$2.44,2021,United States,South San Francisco,Healthcare & Life Sciences
Cgtz,$2.41,2021,China,Hangzhou,Financial Services
Star Charge,$2.41,2020,China,Changzhou,Industrials
Carbon,$2.40,2020,United States,Redwood City,Industrials
Rokt,$2.40,2021,United States,New York,Consumer & Retail
Paxos,$2.40,2021,United States,New York,Financial Services
Exabeam,$2.40,2021,United States,Foster City,Enterprise Tech
BitSight Technologies,$2.40,2021,United States,Boston,Enterprise Tech
Trumid,$2.40,2020,United States,New York,Financial Services
ABL Space Systems,$2.40,2021,United States,El Segundo,Industrials
HoneyBook,$2.40,2021,United States,San Francisco,Enterprise Tech
Beta Technologies,$2.40,2012,United States,South Burlington,Industrials
Project44,$2.62,2021,United States,Chicago,Enterprise Tech
Freenome,$2.62,2019,United States,South San Francisco,Healthcare & Life Sciences
ManyPets,$2.35,2021,United Kingdom,London,Insurance
Jobandtalent,$2.35,2021,Spain,Madrid,Enterprise Tech
WEMAKEPRICE,$2.34,2015,South Korea,Seoul,Consumer & Retail
Biren Technology,$2.32,2022,China,Shanghai,Enterprise Tech
Glean,$2.20,2022,United States,Palo Alto,Enterprise Tech
Voodoo,$2.31,2022,France,Paris,Media & Entertainment
Shield AI,$2.80,2022,United States,San Diego,Industrials
Uptake,$2.30,2022,United States,Chicago,Industrials
Motive,$2.85,2022,United States,San Francisco,Industrials
Greenlight,$2.30,2022,United States,Atlanta,Financial Services
MoMo,$2.27,2021,Vietnam,Ho Chi Minh City,Financial Services
Algolia,$2.25,2022,United States,San Francisco,Enterprise Tech
Pattern,$2.25,2021,United States,Lehi,Consumer & Retail
Newfront Insurance,$2.20,2022,United States,San Francisco,Insurance
NuCom Group,$2.20,2022,Germany,Unterfoehring,Consumer & Retail
Skydio,$2.20,2024,United States,Redwood City,Industrials
MUSINSA,$2.76,2019,South Korea,Seoul,Consumer & Retail
Current,$2.20,2018,United States,New York,Financial Services
Bitso,$2.20,2021,Mexico,Mexico City,Financial Services
Gympass,$2.40,2019,United States,New York,Healthcare & Life Sciences
Dialpad,$2.20,2020,United States,San Francisco,Enterprise Tech
G7 Networks,$2.20,2021,China,Beijing,Industrials
BloomReach,$2.20,2022,United States,Mountain View,Consumer & Retail
Motif FoodWorks,$2.20,2022,United States,Boston,Industrials
Accelerant,$2.40,2022,United Kingdom,Colchester,Insurance
YITU Technology,$2.17,2018,China,Shanghai,Enterprise Tech
Addepar,$2.17,2022,United States,Mountain View,Financial Services
Qualia,$2.17,2021,United States,San Francisco,Financial Services
Neo4j,$2,2021,United States,San Mateo,Enterprise Tech
CloudWalk,$2.15,2021,Brazil,Sao Paulo,Financial Services
CoinDCX,$2.15,2021,India,Maharashtra,Financial Services
Eightfold,$2.10,2021,United States,Santa Clara,Enterprise Tech
Urban Company,$2.10,2021,India,Gurgaon,Consumer & Retail
Moveworks,$2.10,2022,United States,Mountain View,Enterprise Tech
Medable,$2.10,2022,United States,Palo Alto,Healthcare & Life Sciences
GoCardless,$2.10,2022,United Kingdom,London,Financial Services
Aledade,$3.50,2021,United States,Bethesda,Healthcare & Life Sciences
FirstCry,$3.75,2020,India,Pune,Consumer & Retail
Forto,$2.10,2022,Germany,Berlin,Industrials
Jeeves,$2.10,2021,United States,Orlando,Enterprise Tech
Viva Wallet,$2.05,2024,Greece,Athens,Financial Services
CoreWeave,$2.22,2018,United States,Roseland,Enterprise Tech
Mistral AI,$2,2023,France,Paris,Enterprise Tech
Babel Finance,$2,2023,Hong Kong,Hong Kong,Financial Services
Trendy Group International,$2,2017,Hong Kong,Kowloon,Consumer & Retail
GrubMarket,$2,2019,United States,San Francisco,Consumer & Retail
BeZero,$2,2019,United Kingdom,London,Enterprise Tech
Cohere,$2,2023,Canada,Toronto,Enterprise Tech
GO1,$2,2021,Australia,Brisbane,Enterprise Tech
Clear Street,$2,2018,United States,New York,Financial Services
Drata,$2,2021,United States,San Diego,Enterprise Tech
Mysten Labs,$2,2022,United States,San Francisco,Enterprise Tech
Avant,$2,2021,United States,Chicago,Financial Services
Tubatu.com,$2,2015,China,Shenzhen,Consumer & Retail
BlaBlaCar,$2,2022,France,Paris,Consumer & Retail
HuiMin,$2,2016,China,Beijing,Consumer & Retail
Preferred Networks,$2,2022,Japan,Tokyo,Industrials
Formlabs,$2,2018,United States,Somerville,Industrials
Calm,$2,2019,United States,San Francisco,Healthcare & Life Sciences
Kaseya,$2,2022,United States,Miami,Enterprise Tech
Mafengwo,$2,2022,China,Beijing,Consumer & Retail
Druva,$2,2022,United States,Sunnyvale,Enterprise Tech
Kujiale,$2,2022,China,Hangzhou,Consumer & Retail
AppsFlyer,$2,2022,United States,San Francisco,Enterprise Tech
Redis,$2,2021,United States,Mountain View,Enterprise Tech
Xingyun Group,$2,2022,China,Shenzhen,Consumer & Retail
Unqork,$2,2020,United States,New York,Insurance
Virta Health,$2,2020,United States,San Francisco,Healthcare & Life Sciences
ISN,$2,2022,United States,Dallas,Industrials
Earnix,$2,2022,Israel,Giv'atayim,Insurance
Clearco,$2,2022,Canada,Toronto,Financial Services
Hive,$2,2022,United States,San Francisco,Enterprise Tech
Kry,$2,2024,Sweden,Stockholm,Healthcare & Life Sciences
Kajabi,$2,2021,United States,Irvine,Media & Entertainment
Ethos,$2.70,2021,United States,San Francisco,Insurance
PayFit,$2.10,2022,United Kingdom,London,Enterprise Tech
Beisen,$2,2021,China,Beijing,Enterprise Tech
Pipe,$2,2022,United States,Miami,Financial Services
Iterable,$2,2022,United States,San Francisco,Enterprise Tech
Astronergy,$1.82,2022,China,Haining,Industrials
Helsing,$1.82,2021,Germany,Munchen,Enterprise Tech
Bunq,$1.80,2021,Netherlands,Amsterdam,Financial Services
Quest Global,$1.80,2023,Singapore,Singapore City,Industrials
Clip,$2,2021,Mexico,Mexico City,Financial Services
Loggi,$2,2019,Brazil,Sao Paulo,Industrials
MURAL,$2,2021,United States,San Francisco,Enterprise Tech
OCSiAl,$2,2019,Luxembourg,Leudelange,Industrials
XtalPi,$2,2021,China,Shenzhen,Healthcare & Life Sciences
Divvy Homes,$2,2021,United States,San Francisco,Financial Services
Apeel Sciences,$2,2018,United States,Goleta,Consumer & Retail
Opay,$2,2019,Nigeria,Lagos,Financial Services
Aviatrix,$2,2021,United States,Santa Clara,Enterprise Tech
SmartNews,$2,2019,Japan,Tokyo,Media & Entertainment
Misfits Market,$2,2022,United States,Pennsauken,Consumer & Retail
Black Sesame Technologies,$2,2024,China,Shanghai,Industrials
Advance Intelligence Group,$2,2022,Singapore,Singapore City,Financial Services
Modern Treasury,$2,2021,United States,San Francisco,Financial Services
Magic Leap,$2,2023,United States,Plantation,Enterprise Tech
ClickHouse,$2,2023,United States,Portola Valley,Enterprise Tech
Everlaw,$2,2020,United States,Oakland,Enterprise Tech
Zilch,$2,2021,United Kingdom,London,Financial Services
VerbIT,$2,2021,United States,New York,Enterprise Tech
StarkWare,$8,2021,Israel,Netanya,Enterprise Tech
Netlify,$2,2022,United States,San Francisco,Enterprise Tech
SWORD Health,$2,2022,United States,New York,Healthcare & Life Sciences
LTK,$2,2022,United States,Dallas,Media & Entertainment
Trax,$2,2018,Singapore,Singapore City,Consumer & Retail
Exotec,$2,2021,France,Croix,Industrials
Dremio,$2,2021,United States,Santa Clara,Enterprise Tech
Akulaku,$2,2021,Indonesia,Jakarta,Financial Services
Cloudinary,$2,2021,United States,Santa Clara,Media & Entertainment
Lunar,$2,2021,Denmark,Aarhus,Financial Services
UpGrad,$2.25,2021,India,Mumbai,Consumer & Retail
Salsify,$2,2021,United States,Boston,Consumer & Retail
CertiK,$2,2021,United States,New York,Enterprise Tech
ROX Motor,$2,2021,China,Shanghai,Industrials
Devo Technology,$2,2022,United States,Cambridge,Enterprise Tech
ShiftKey,$2,2023,United States,Dallas,Healthcare & Life Sciences
Rimac Automobili,$2,2022,Croatia,Sveta Nedelja,Industrials
Geek+,$2,2022,China,Beijing,Industrials
21.co,$2,2022,United States,New York,Financial Services
Solugen,$2,2021,United States,Houston,Industrials
ZigBang,$1.93,2022,South Korea,Seoul,Financial Services
Ankorstore,$1.98,2022,France,Paris,Consumer & Retail
InVision,$1.90,2017,United States,New York,Enterprise Tech
eDaili,$1.90,2019,China,Shanghai,Financial Services
commercetools,$1.90,2022,Germany,Munich,Enterprise Tech
NinjaOne,$1.90,2024,United States,Austin,Enterprise Tech
MX,$1.90,2022,United States,Lehi,Financial Services
CoinSwitch,$1.90,2021,India,Bangalore,Financial Services
Acorns,$1.90,2022,United States,Irvine,Financial Services
Fever,$1.96,2020,United States,New York,Media & Entertainment
Roofstock,$1.94,2022,United States,Oakland,Financial Services
thatgamecompany,$1.94,2022,United States,Los Angeles,Media & Entertainment
ConcertAI,$1.90,2021,United States,Boston,Healthcare & Life Sciences
Material Bank,$1.90,2022,United States,Boca Raton,Industrials
Volocopter,$1.87,2022,Germany,Bruchsal,Industrials
ENOVATE,$1.85,2021,China,Shanghai,Industrials
MEGAZONE,$1.83,2022,South Korea,Seoul,Enterprise Tech
CFGI,$1.85,2022,United States,Boston,Financial Services
ZocDoc,$1.80,2021,United States,New York,Healthcare & Life Sciences
Scroll,$1.80,2021,Seychelles,Victoria,Financial Services
Diamond Foundry,$1.80,2019,United States,San Francisco,Industrials
Quantexa,$1.80,2023,United Kingdom,London,Enterprise Tech
FullStory,$1.80,2021,United States,Atlanta,Enterprise Tech
Lightricks,$1.80,2019,Israel,Jerusalem,Media & Entertainment
Opentrons,$1.80,2021,United States,New York,Healthcare & Life Sciences
Kindbody,$1.80,2023,United States,Kindbody,Healthcare & Life Sciences
Slice,$1.80,2014,India,Bengaluru,Financial Services
Cambrian BioPharma,$1.79,2018,United States,Brooklyn,Healthcare & Life Sciences
AIWAYS,$1.78,2022,China,Shanghai,Industrials
Trulioo,$1.75,2021,Canada,Vancouver,Financial Services
BitGo,$1.75,2022,United States,Palo Alto,Financial Services
Spinny,$1.75,2023,India,Gurugram,Industrials
Crusoe,$1.75,2021,United States,Denver,Industrials
Orca Security,$1.80,2021,United States,Portland,Enterprise Tech
Apus Group,$1.73,2022,China,Beijing,Consumer & Retail
Razor,$1.70,2021,Germany,Berlin,Consumer & Retail
Micro Connect,$1.70,2023,Hong Kong,Hong Kong,Financial Services
DailyPay,$1.70,2022,United States,New York,Financial Services
Udaan,$1.70,2018,India,Bengaluru,Consumer & Retail
Harry's,$1.70,2021,United States,New York,Consumer & Retail
PAX,$1.70,2021,United States,San Francisco,Consumer & Retail
DispatchHealth,$1.70,2021,United States,Denver,Healthcare & Life Sciences
Pax8,$1.70,2022,United States,Greenwood Village,Enterprise Tech
Multiverse,$1.70,2022,United Kingdom,London,Enterprise Tech
Front,$1.70,2021,United States,San Francisco,Enterprise Tech
Redesign Health,$1.70,2022,United States,New York,Healthcare & Life Sciences
Tessera Therapeutics,$1.69,2022,United States,Cambridge,Healthcare & Life Sciences
Ascend Elements,$1.67,2023,United States,Westborough,Industrials
Uniswap,$1.66,2022,United States,New York,Financial Services
Kredivo Holdings,$1.66,2021,Singapore,Singapore City,Financial Services
Unite Us,$1.60,2021,United States,New York,Healthcare & Life Sciences
CircleCI,$1.70,2021,United States,San Francisco,Enterprise Tech
Wave,$1.70,2021,Senegal,Dakar,Financial Services
Dragos,$1.70,2021,United States,Hanover,Industrials
Reltio,$1.70,2021,United States,Redwood City,Enterprise Tech
H2O.ai,$1.70,2021,United States,Mountain View,Enterprise Tech
ZenBusiness,$1.70,2021,United States,Austin,Enterprise Tech
Carsome,$1.70,2021,Malaysia,Selangor,Industrials
Productboard,$1.73,2022,United States,San Francisco,Enterprise Tech
Spotter,$1.70,2019,United States,Los Angeles,Financial Services
Optimism,$1.65,2019,United States,San Francisco,Enterprise Tech
Incredible Health,$1.65,2021,United States,San Francisco,Healthcare & Life Sciences
Jusfoun Big Data,$1.62,2018,China,Beijing,Enterprise Tech
Transcarent,$1.62,2022,United States,San Francisco,Healthcare & Life Sciences
DealShare,$1.70,2021,India,Bengaluru,Consumer & Retail
Zhubajie,$1.61,2021,China,Chongqing,Enterprise Tech
Solaris,$1.60,2021,Germany,Berlin,Financial Services
Apollo,$1.60,2021,United States,Covina,Enterprise Tech
DataStax,$1.60,2024,United States,Santa Clara,Enterprise Tech
Infinidat,$1.60,2018,United States,Waltham,Enterprise Tech
Afiniti,$1.60,2019,Bermuda,Hamilton,Enterprise Tech
Cao Cao Mobility,$1.60,2019,China,Hangzhou,Industrials
Clari,$2.60,2021,United States,Sunnyvale,Enterprise Tech
Clio,$1.60,2021,Canada,Burnaby,Enterprise Tech
SafetyCulture,$1.76,2021,Australia,Sydney,Industrials
Monte Carlo,$1.60,2021,United States,San Francisco,Enterprise Tech
Cresta,$1.60,2021,United States,San Francisco,Enterprise Tech
Extend,$1.36,2022,United States,San Francisco,Insurance
Employment Hero,$1.37,2022,Australia,Sydney,Enterprise Tech
Generate Biomedicines,$1.36,2020,United States,Cambridge,Healthcare & Life Sciences
Lambda Labs,$1.50,2023,United States,San Francisco,Enterprise Tech
Cognite,$1.50,2021,Norway,Lysaker,Industrials
ASAPP,$1.60,2021,United States,New York,Enterprise Tech
SmartHR,$1.60,2021,Japan,Tokyo,Enterprise Tech
Mercury,$1.60,2021,United States,San Francisco,Financial Services
HomeLight,$1.70,2021,United States,San Francisco,Financial Services
Truepill,$1.60,2021,United States,Hayward,Healthcare & Life Sciences
ezCater,$1.60,2019,United States,Boston,Consumer & Retail
Wayflyer,$1.60,2022,Ireland,Dublin,Financial Services
Capitolis,$1.60,2021,United States,New York,Financial Services
Vanta,$1.60,2022,United States,San Francisco,Enterprise Tech
Magic Eden,$1.60,2022,United States,San Francisco,Media & Entertainment
Pave,$1.60,2022,United States,San Francisco,Enterprise Tech
Astranis,$1.60,2015,United States,San Francisco,Industrials
Promasidor Holdings,$1.59,2016,South Africa,Bryanston,Consumer & Retail
GalaxySpace,$1.58,2016,China,Beijing,Industrials
Icon,$1.57,2021,United States,Austin,Industrials
Fresh Life Style Supply Chain Management,$1.57,2022,China,Chengdu,Consumer & Retail
Alloy,$1.55,2021,United States,New York,Financial Services
Baiwang,$1.55,2022,China,Beijing,Enterprise Tech
Iluvatar CoreX,$1.55,2021,China,Shanghai,Enterprise Tech
Wenheyou,$1.55,2022,China,Hunan,Consumer & Retail
Kitopi,$1.55,2021,United Arab Emirates,Dubai,Consumer & Retail
Ximalaya FM,$1.52,2016,China,Shanghai,Media & Entertainment
Carzone,$1.52,2019,China,Jiangsu,Industrials
Tabby,$1.50,2023,United Arab Emirates,Dubai,Financial Services
Runway,$1.50,2023,United States,New York,Media & Entertainment
OpenWeb,$1.50,2021,United States,New York,Media & Entertainment
bolttech,$1.50,2021,Singapore,Singapore City,Insurance
First Mode,$1.50,2022,United States,Seattle,Industrials
Mu Sigma,$1.50,2013,United States,Northbrook,Enterprise Tech
Kushki,$1.50,2022,Ecuador,Quito,Financial Services
Jasper,$1.50,2021,United States,Austin,Enterprise Tech
Orna Therapeutics,$1.50,2021,United States,Cambridge,Healthcare & Life Sciences
TuJia,$1.50,2021,China,Beijing,Consumer & Retail
Mofang Living,$1.50,2022,China,Shanghai,Consumer & Retail
Gett,$1.50,2022,United Kingdom,London,Industrials
DT Dream,$1.50,2017,China,Hangzhou,Enterprise Tech
Changingedu,$1.50,2015,China,Shanghai,Consumer & Retail
XiaoZhu,$1.50,2017,China,Beijing,Consumer & Retail
JOLLY Information Technology,$1.50,2016,China,Hangzhou,Consumer & Retail
Yijiupi,$1.50,2017,China,Beijing,Consumer & Retail
Cambridge Mobile Telematics,$1.50,2021,United States,Cambridge,Insurance
Collective Health,$1.50,2021,United States,San Francisco,Healthcare & Life Sciences
Strava,$1.50,2021,United States,San Francisco,Healthcare & Life Sciences
Zenoti,$1.50,2021,United States,Bellevue,Consumer & Retail
K Health,$1.50,2021,United States,New York,Healthcare & Life Sciences
Uplight,$1.50,2021,United States,Boulder,Industrials
ID.me,$1.50,2019,United States,McLean,Consumer & Retail
Snapdocs,$1.50,2021,United States,San Francisco,Financial Services
Chipper Cash,$2,2022,United States,San Francisco,Financial Services
SHIFT UP,$1.47,2018,South Korea,Seoul,Media & Entertainment
Ledger,$1.47,2021,France,Paris,Financial Services
Next Silicon,$1.50,2018,Israel,Tel Aviv,Enterprise Tech
YQNlink,$1.50,2019,China,Shanghai,Industrials
impact.com,$1.50,2019,United States,Santa Barbara,Enterprise Tech
SmartRecruiters,$1.50,2020,United States,San Francisco,Enterprise Tech
NotCo,$1.50,2021,Chile,Santiago,Consumer & Retail
Culture Amp,$1.50,2017,Australia,Richmond,Enterprise Tech
TaxBit,$1.50,2021,United States,Draper,Financial Services
Pacaso,$1.50,2021,United States,Cincinnati,Financial Services
1047 Games,$1.50,2022,United States,Zephyr Cove,Media & Entertainment
Matillion,$1.50,2022,United Kingdom,Altrincham,Enterprise Tech
Persona,$1.50,2023,United States,San Francisco,Enterprise Tech
Ascend Money,$1.50,2018,Thailand,Bangkok,Financial Services
Andela,$1.50,2018,United States,New York,Enterprise Tech
Built,$1.50,2021,United States,Nashville,Financial Services
CoinList,$1.50,2021,United States,San Francisco,Financial Services
Lusha,$1.50,2021,United States,New York,Enterprise Tech
cult.fit,$1.50,2021,India,Bengaluru,Healthcare & Life Sciences
Olist,$1.50,2021,Brazil,Curitiba,Consumer & Retail
Paradox,$1.50,2022,United States,Scottsdale,Enterprise Tech
Airbyte,$1.50,2022,United States,San Francisco,Enterprise Tech
StoreDot,$1.50,2022,Israel,Herzliya,Industrials
Spendesk,$1.50,2023,France,Paris,Enterprise Tech
Veriff,$1.50,2015,Estonia,Tallinn,Enterprise Tech
ElasticRun,$1.50,2022,India,Pune,Industrials
Veho,$1.50,2021,United States,Boulder,Consumer & Retail
Temporal,$1.50,2021,United States,Bellevue,Enterprise Tech
Fabric,$1.50,2021,United States,Bellevue,Consumer & Retail
Zeta,$1.50,2021,United States,San Francisco,Financial Services
Boba,$1.50,2022,United States,San Francisco,Enterprise Tech
Upside,$1.50,2022,United States,DC,Consumer & Retail
Mashgin,$1.50,2022,United States,Palo Alto,Consumer & Retail
Dock,$1.50,2022,Brazil,Sao Paulo,Financial Services
Prometheus,$1.50,2022,United States,Santa Cruz,Industrials
5ire,$1.50,2022,United Kingdom,London,Enterprise Tech
Yipin Shengxian,$1.49,2019,China,Hefei,Consumer & Retail
Bordrin Motors,$1.48,2019,China,Shanghai,Industrials
Arcadia,$1.48,2022,United States,DC,Enterprise Tech
VTS,$1.47,2019,United States,New York,Financial Services
Shukun Technology,$1.46,2022,China,Beijing,Healthcare & Life Sciences
Huasun,$1.46,2021,China,Xuancheng,Industrials
Loft,$1.46,2020,Brazil,Sao Paulo,Financial Services
Coocaa,$1.45,2019,China,Shenzhen,Media & Entertainment
Juma Peisong,$1.45,2019,China,Chengdu,Industrials
Ouyeel,$1.45,2022,China,Shanghai,Industrials
Gymshark,$1.45,2023,United Kingdom,Solihull,Consumer & Retail
M1,$1.45,2018,United States,Chicago,Financial Services
Aleo,$1.45,2022,United States,San Francisco,Enterprise Tech
Einride,$1.44,2022,Sweden,Stockholm,Industrials
Justworks,$1.43,2022,United States,New York,Enterprise Tech
Valgen Medtech,$1.43,2021,China,Hangzhou,Healthcare & Life Sciences
SonderMind,$1.42,2022,United States,Denver,Healthcare & Life Sciences
Fox Ess,$1.40,2022,China,Wenzhou,Industrials
Zepto,$1.40,2021,India,Mumbai,Consumer & Retail
Amagi,$1.40,2021,India,Bengaluru,Media & Entertainment
Liquid Death,$1.40,2024,United States,Santa Monica,Consumer & Retail
Papa,$1.40,2021,United States,Miami,Healthcare & Life Sciences
Xpressbees,$1.40,2022,India,Pune,Consumer & Retail
Figment,$1.40,2021,Canada,Toronto,Financial Services
Envoy,$1.40,2022,United States,San Francisco,Enterprise Tech
Deliverect,$1.40,2021,Belgium,Ghent,Consumer & Retail
SparkCognition,$1.40,2017,United States,Austin,Enterprise Tech
Liquidity,$1.40,2020,Israel,Tel Aviv,Financial Services
Firebolt,$1.40,2020,Israel,Tel Aviv,Enterprise Tech
AI21 Labs,$1.40,2021,Israel,Tel Aviv,Enterprise Tech
Koudai,$1.40,2021,China,Beijing,Consumer & Retail
Symphony,$1.40,2022,United States,New York,Financial Services
Yidian Zixun,$1.40,2022,China,Beijing,Media & Entertainment
Cabify,$1.40,2015,Spain,Madrid,Industrials
Hive Box,$1.40,2019,China,Shenzhen,Consumer & Retail
Away,$1.40,2021,United States,New York,Consumer & Retail
Kong,$1.40,2021,United States,San Francisco,Enterprise Tech
Epidemic Sound,$1.40,2021,Sweden,Stockholm,Media & Entertainment
Yotpo,$1.40,2021,United States,New York,Consumer & Retail
Rebel Foods,$1.40,2021,India,Pune,Consumer & Retail
Coda,$1.40,2021,United States,Mountain View,Enterprise Tech
Stash,$1.40,2021,United States,New York,Financial Services
Rad Power Bikes,$1.40,2022,United States,Seattle,Industrials
Clarify Health,$1.40,2022,United States,San Francisco,Healthcare & Life Sciences
Bucketplace,$1.40,2022,South Korea,Seoul,Consumer & Retail
Paddle,$1.40,2022,United Kingdom,London,Enterprise Tech
OneCard,$1.40,2022,India,Pune,Financial Services
boAT,$1.40,2022,India,Mumbai,Consumer & Retail
Phenom People,$1.40,2021,United States,Ambler,Enterprise Tech
GupShup,$1.40,2021,United States,San Francisco,Enterprise Tech
Degreed,$1.40,2018,United States,Pleasanton,Enterprise Tech
Scalable Capital,$1.40,2021,Germany,Munich,Financial Services
VideoAmp,$1.40,2021,United States,Los Angeles,Enterprise Tech
Panther Labs,$1.40,2021,United States,San Francisco,Enterprise Tech
Salt Security,$1.40,2022,United States,Palo Alto,Enterprise Tech
Tripledot,$1.40,2019,United Kingdom,London,Media & Entertainment
Nimble Rx,$1.40,2020,United States,Redwood City,Healthcare & Life Sciences
Veepee,$1.38,2007,France,La Plaine Saint-Denis,Consumer & Retail
Neon,$1.38,2021,Brazil,Sao Paulo,Financial Services
Movable Ink,$1.36,2021,United States,New York,Enterprise Tech
Patreon,$1.35,2020,United States,San Francisco,Media & Entertainment
DeepBlue Technology,$1.35,2022,China,Shanghai,Consumer & Retail
Klook,$1.35,2018,Hong Kong,Central,Consumer & Retail
Epirus,$1.35,2018,United States,Hawthorne,Industrials
Signifyd,$1.34,2019,United States,San Jose,Consumer & Retail
Jaguar Microsystems,$1.34,2023,China,Shenzhen,Industrials
Motorway,$1.33,2017,United Kingdom,London,Industrials
RIDI,$1.33,2019,South Korea,Seoul,Media & Entertainment
Lyten,$1.33,2023,United States,San Jose,Industrials
Flipboard,$1.32,2019,United States,Palo Alto,Media & Entertainment
GPclub,$1.32,2022,South Korea,Seoul,Consumer & Retail
Tongdun Technology,$1.32,2018,China,Hangzhou,Enterprise Tech
Athletic Greens,$1.32,2021,United States,New York,Healthcare & Life Sciences
Unisound,$1.31,2021,China,Beijing,Enterprise Tech
Alzheon,$1.31,2022,United States,Framingham,Healthcare & Life Sciences
MasterControl,$1.30,2022,United States,Salt Lake City,Healthcare & Life Sciences
eFishery,$1.30,2023,Indonesia,Bandung,Industrials
Zum,$1.30,2021,United States,Redwood City,Industrials
HeartFlow,$1.30,2017,United States,Redwood City,Healthcare & Life Sciences
Shiprocket,$1.23,2021,India,New Delhi,Consumer & Retail
The Brandtech Group,$1.30,2021,United States,New York,Enterprise Tech
HashKeyHashKey,$1.30,2021,Hong Kong,Hong Kong,Financial Services
Insightec,$1.30,2020,Israel,Tirat Carmel,Healthcare & Life Sciences
Everly Health,$1.30,2020,United States,Austin,Healthcare & Life Sciences
Manner,$1.30,2022,China,Shanghai,Consumer & Retail
TalkingData,$1.30,2021,China,Beijing,Enterprise Tech
DistroKid,$1.30,2021,United States,New York,Media & Entertainment
Konfio,$1.30,2021,Mexico,Mexico City,Financial Services
Betterment,$1.30,2021,United States,New York,Financial Services
Flock Freight,$1.30,2021,United States,Encinitas,Industrials
YugaByte,$1.30,2023,United States,Sunnyvale,Enterprise Tech
Lukka,$1.30,2019,United States,New York,Financial Services
TravelPerk,$1.30,2022,Spain,Barcelona,Enterprise Tech
iTrustCapital,$1.30,2022,United States,Long Beach,Financial Services
Domestika,$1.30,2021,United States,Berkeley,Media & Entertainment
CoinTracker,$1.30,2021,United States,San Francisco,Financial Services
Loadsmart,$1.30,2022,United States,New York,Industrials
TUNGEE,$1.30,2021,China,Guangzhou,Enterprise Tech
Yubi,$1.50,2022,India,Chennai,Financial Services
LinkTree,$1.30,2014,Australia,Melbourne,Media & Entertainment
Island,$1.50,2018,United States,Dallas,Enterprise Tech
Clipboard Health,$1.30,2022,United States,San Francisco,Healthcare & Life Sciences
Biofourmis,$1.30,2019,United States,Boston,Healthcare & Life Sciences
STORD,$1.30,2020,United States,Atlanta,Industrials
Optibus,$1.30,2022,Israel,Tel Aviv,Industrials
Keyfactor,$1.30,2019,United States,Independence,Enterprise Tech
Equashield,$1.30,2022,United States,Port Washington,Healthcare & Life Sciences
Intercom,$1.28,2022,United States,San Francisco,Enterprise Tech
OVO Energy,$1.28,2016,United Kingdom,Bristol,Industrials
Huisuanzhang,$1.28,2018,China,Beijing,Financial Services
WTOIP,$1.27,2018,China,Guangzhou,Enterprise Tech
PeopleCert,$1.27,2021,Greece,Athens,Enterprise Tech
Greater Bay Technology,$1.26,2022,China,Guangzhou,Industrials
JMGO,$1.26,2021,China,Shenzhen,Industrials
BigID,$1.25,2021,United States,New York,Enterprise Tech
Polyhedra Network,$1.25,2021,United States,San Francisco,Enterprise Tech
Kuaikan Manhua,$1.25,2017,China,Beijing,Media & Entertainment
Marshmallow,$1.25,2021,United Kingdom,London,Insurance
Honor Technology,$1.25,2021,United States,San Francisco,Healthcare & Life Sciences
Together AI,$1.25,2021,United States,San Francisco,Enterprise Tech
QI Tech,$1,2022,Brazil,Sao Paulo,Financial Services
Mythical Games,$1,2021,United States,Sherman Oaks,Media & Entertainment
Incode Technologies,$1.25,2021,United States,San Francisco,Enterprise Tech
Tackle.io,$1.25,2022,United States,Boise,Enterprise Tech
Flipdish,$1.25,2023,Ireland,Dublin,Consumer & Retail
CaptivateIQ,$1.25,2021,United States,San Francisco,Enterprise Tech
Talos,$1.25,2022,United States,New York,Financial Services
airSlate,$1.25,2021,United States,Brookline,Enterprise Tech
ClassDojo,$1.25,2022,United States,San Francisco,Consumer & Retail
BrewDog,$1.24,2017,United Kingdom,Aberdeen,Consumer & Retail
Enflame,$1.24,2021,China,Shanghai,Enterprise Tech
Shulan Health,$1.24,2021,China,Hangzhou,Healthcare & Life Sciences
SeatGeek,$1.24,2022,United States,New York,Media & Entertainment
Nexii,$1.23,2021,Canada,Vancouver,Industrials
InDrive,$1.23,2021,United States,Mountain View,Industrials
Spiber,$1.22,2021,Japan,Tsuruoka,Industrials
Insider,$2,2023,Turkey,Istanbul,Enterprise Tech
Kallyope,$1.22,2020,United States,New York,Healthcare & Life Sciences
Zip,$1.50,2020,United States,San Francisco,Enterprise Tech
Cart.com,$1.20,2021,United States,Austin,Consumer & Retail
Replit,$1.05,2021,United States,San Francisco,Enterprise Tech
Mews,$1.20,2024,Netherlands,Amsterdam,Enterprise Tech
Our Next Energy,$1.20,2023,United States,Novi,Industrials
Lightmatter,$1.20,2023,United States,Mountain View,Enterprise Tech
Castore,$1.20,2013,United Kingdom,Manchester,Consumer & Retail
Yiguo,$1.20,2016,China,Shanghai,Consumer & Retail
Glossier,$1.65,2018,United States,New York,Consumer & Retail
Workhuman,$1.20,2018,Ireland,Dublin,Enterprise Tech
Qumulo,$1.20,2018,United States,Seattle,Enterprise Tech
Tealium,$1.20,2021,United States,San Diego,Enterprise Tech
Public,$1.20,2019,United States,New York,Financial Services
Pipa Coding,$1.20,2017,China,Beijing,Consumer & Retail
Pilot,$1.20,2021,United States,San Francisco,Financial Services
Aibee,$1.20,2022,China,Beijing,Enterprise Tech
Vectra Networks,$1.20,2023,United States,San Jose,Enterprise Tech
Ada,$1.20,2021,Canada,Toronto,Enterprise Tech
SmartMore,$1.20,2021,China,Shenzhen,Industrials
Rohlik Group,$1.20,2021,Czech Republic,Prague,Consumer & Retail
FloQast,$1.20,2021,United States,Los Angeles,Financial Services
MindTickle,$1.20,2021,United States,San Francisco,Enterprise Tech
Offchain Labs,$1.20,2022,United States,Princeton,Enterprise Tech
Copado,$1.20,2022,United States,Chicago,Enterprise Tech
Gem,$1.20,2022,United States,San Francisco,Enterprise Tech
CarDekho,$1.20,2021,India,Jaipur,Industrials
The Good Glamm Group,$1.20,2021,India,Mumbai,Consumer & Retail
AgentSync,$1.20,2021,United States,Denver,Insurance
Pristyn Care,$1.40,2021,India,Gurugram,Healthcare & Life Sciences
Merama,$1.20,2021,Mexico,Mexico City,Consumer & Retail
SeekOut,$1.20,2022,United States,Bellevue,Enterprise Tech
BigPanda,$1.20,2022,United States,Mountain View,Enterprise Tech
Phantom,$1.20,2021,United States,San Francisco,Financial Services
LivSpace,$1.20,2022,India,Bengaluru,Consumer & Retail
Nova Labs,$1.20,2021,United States,San Francisco,Enterprise Tech
Choco,$1.20,2022,Germany,Berlin,Consumer & Retail
Viz.ai,$1.20,2022,United States,San Francisco,Healthcare & Life Sciences
Unit,$1.20,2021,United States,New York,Financial Services
stori,$1.20,2022,Mexico,Juarez,Financial Services
Spectrum Medical,$1.20,2022,United Kingdom,Gloucester,Healthcare & Life Sciences
Swiftly,$1.20,2015,United States,Seattle,Consumer & Retail
CloudBees,$1.15,2021,United States,San Jose,Enterprise Tech
Flink,$1.07,2021,Germany,Berlin,Consumer & Retail
Colossal,$1.19,2021,United States,Austin,Healthcare & Life Sciences
L&P Cosmetic,$1.19,2016,South Korea,Seoul,Consumer & Retail
Mininglamp Technology,$1.19,2021,China,Beijing,Enterprise Tech
Vestiaire Collective,$1.18,2021,France,Paris,Consumer & Retail
Luoji Siwei,$1.18,2021,China,Beijing,Media & Entertainment
Yimidida,$1.17,2021,China,Shanghai,Industrials
Modern Health,$1.17,2021,United States,San Francisco,Healthcare & Life Sciences
IRL,$1.17,2021,United States,San Francisco,Media & Entertainment
Younited,$1.16,2022,France,Paris,Financial Services
Uzum,$1.16,2022,Uzbekistan,Tashkent,Financial Services
SOURCE Global,$1.16,2015,United States,Scottsdale,Industrials
LifeMiles,$1.15,2019,Colombia,Bogota,Consumer & Retail
Venafi,$1.15,2020,United States,Salt Lake City,Enterprise Tech
Guideline,$1.15,2020,United States,San Mateo,Financial Services
Rebellion Defense,$1.15,2021,United States,Washington DC,Industrials
Elemy,$1.15,2021,United States,San Francisco,Healthcare & Life Sciences
TELD,$1.12,2021,China,Qingdao,Industrials
Enable,$1.12,2023,United States,San Francisco,Enterprise Tech
DANA,$1.13,2022,Indonesia,Jakarta,Financial Services
At-Bay,$1.12,2019,United States,Mountain View,Insurance
Visby Medical,$1.12,2022,United States,San Jose,Healthcare & Life Sciences
Invoca,$1.10,2020,United States,Santa Barbara,Enterprise Tech
ElevenLabs,$1.10,2021,United States,New York,Enterprise Tech
Wasabi,$1.10,2019,United States,Boston,Enterprise Tech
Halan,$1,2023,Egypt,Cairo,Financial Services
BioCatch,$1,2023,Israel,Tel Aviv,Enterprise Tech
Baichuan AI,$1,2018,China,Beijing,Enterprise Tech
Rokid,$1,2021,United States,Redwood City,Media & Entertainment
Krutrim,$1,2021,India,Bengaluru,Enterprise Tech
Headway,$1,2023,United States,Orlando,Healthcare & Life Sciences
Flexe,$1,2021,United States,Seattle,Industrials
TangoMe,$1.10,2022,United States,Mountain View,Media & Entertainment
AppDirect,$1.10,2015,United States,San Francisco,Enterprise Tech
Juanpi,$1.10,2022,China,Wuhan,Consumer & Retail
OVH,$1.10,2022,France,Roubaix,Enterprise Tech
GetYourGuide,$2,2016,Germany,Berlin,Consumer & Retail
Ivalua,$1.10,2021,United States,Redwood City,Enterprise Tech
Sisense,$1.10,2020,United States,New York,Enterprise Tech
Pharmapacks,$1.10,2020,United States,Islandia,Consumer & Retail
Sennder,$1.10,2021,Germany,Berlin,Industrials
Nexthink,$1.10,2021,Switzerland,Prilly,Enterprise Tech
Zego,$1.10,2021,United Kingdom,London,Insurance
Rightway,$1.10,2021,United States,New York,Healthcare & Life Sciences
Sunbit,$1.10,2020,United States,Los Angeles,Financial Services
Qingting FM,$1.10,2021,China,Shanghai,Media & Entertainment
G2,$1.10,2021,United States,Chicago,Enterprise Tech
Hailo,$1,2021,Israel,Tel Aviv,Enterprise Tech
Caribou,$1.10,2021,United States,Denver,Insurance
Nowports,$1.10,2022,Mexico,Monterrey,Industrials
People.ai,$1.10,2021,United States,San Francisco,Enterprise Tech
Carousell,$1.10,2023,Singapore,Singapore City,Consumer & Retail
apna,$1.10,2017,India,Bengaluru,Enterprise Tech
Karat,$1.10,2021,United States,Seattle,Enterprise Tech
Enpal,$1.10,2021,Germany,Berlin,Industrials
Acko General Insurance,$1.10,2019,India,Bengaluru,Insurance
Daily Harvest,$1.10,2018,United States,New York,Consumer & Retail
The Bank of London,$1.10,2019,United Kingdom,London,Financial Services
Fundbox,$1.10,2019,United States,San Francisco,Financial Services
Turing,$1.10,2019,United States,Palo Alto,Enterprise Tech
GlobalBees,$1.10,2023,India,New Delhi,Consumer & Retail
LEAD,$1.10,2022,India,Andheri,Consumer & Retail
eSentire,$1.10,2022,Canada,Waterloo,Enterprise Tech
Beyond Identity,$1.10,2021,United States,New York,Enterprise Tech
Staffbase,$1.10,2021,Germany,Chemnitz,Enterprise Tech
Chief,$1.10,2021,United States,New York,Consumer & Retail
IntelyCare,$1.10,2022,United States,Quincy,Healthcare & Life Sciences
Teleport,$1.10,2022,United States,Oakland,Enterprise Tech
Imply Data,$1.10,2021,United States,Burlingame,Enterprise Tech
Material Security,$1.10,2022,United States,Redwood City,Enterprise Tech
PhysicsWallah,$1.10,2022,India,Uttar Pradesh,Consumer & Retail
Recover,$1.10,2022,Spain,Banyeres de Mariola,Industrials
Purplle,$1.10,2022,India,Mumbai,Consumer & Retail
CAIS,$1.10,2022,United States,New York,Financial Services
Nxin,$1.08,2021,China,Beijing,Industrials
UISEE Technology,$1.08,2023,China,Beijing,Industrials
56PINGTAI,$1.08,2020,China,Shanghai,Industrials
Cirkul,$1.07,2021,United States,Sarasota,Consumer & Retail
Radius Payment Solutions,$1.07,2021,United Kingdom,Crewe,Industrials
InCred,$1.05,2023,India,Mumbai,Financial Services
0x,$1.05,2021,United States,San Francisco,Financial Services
Jiuxian,$1.05,2015,China,Beijing,Consumer & Retail
Instabase,$2,2021,United States,San Francisco,Enterprise Tech
Sendbird,$1.05,2021,United States,San Mateo,Enterprise Tech
Density,$1.05,2021,United States,San Francisco,Enterprise Tech
Mixpanel,$1.05,2021,United States,San Francisco,Enterprise Tech
Branch,$1.05,2022,United States,Columbus,Insurance
OrCam Technologies,$1.03,2021,Israel,Jerusalem,Healthcare & Life Sciences
B&C Chemical,$1.02,2021,China,Pizhou,Industrials
Ample,$1.02,2021,United States,San Francisco,Industrials
BlackBuck,$1.02,2021,India,Bengaluru,Industrials
Wheel,$1.01,2021,United States,Austin,Healthcare & Life Sciences
Vestwell,$1,2021,United States,New York,Financial Services
Minute Media,$1,2021,United States,New York,Media & Entertainment
Perfios,$1,2022,India,Mumbai,Financial Services
Tamara,$1,2021,Saudi Arabia,Riyadh,Financial Services
Xreal,$1,2021,China,Beijing,Media & Entertainment
Silverfort,$1,2020,Israel,Tel Aviv,Enterprise Tech
IntraBio,$1,2022,United Kingdom,Oxfordshire,Healthcare & Life Sciences
Andalusia Labs,$1,2022,United Arab Emirates,Abu Dhabi,Enterprise Tech
EmployerDirect Healthcare,$1,2018,United States,Dallas,Healthcare & Life Sciences
Electric Hydrogen,$1,2023,United States,Natick,Industrials
TechMet,$1,2023,Ireland,Dublin,Industrials
MaintainX,$1,2023,United States,San Fransisco,Enterprise Tech
01.AI,$1,2023,China,Beijing,Enterprise Tech
MindMaze,$1,2018,Switzerland,Lausanne,Health
Avenue One,$1,2019,United States,New York,Financial Services
DataSnipper,$1,2024,Netherlands,Amsterdam,Enterprise Tech
Zhipu AI,$1,2020,China,Beijing,Enterprise Tech
Flashbots,$1,2019,Cayman Islands,Grand Cayman,Enterprise Tech
Typeface,$1,2018,United States,Los Altos,Enterprise Tech
Imbue,$1,2023,United States,San Francisco,Enterprise Tech
Restaurant365,$1,2018,United States,Irvine,Consumer & Retail
Kin,$1,2019,United States,Chicago,Insurance
DeepL,$1,2023,Germany,Cologne,Enterprise Tech
KoBold Metals,$1,2022,United States,Berkeley,Industrials
Go,$1,2018,Japan,Tokyo,Industrials
Percent,$1,2021,China,Beijing,Enterprise Tech
1Komma5,$1.08,2021,Germany,Hamburg,Industrials
Gradiant,$1,2017,United States,Woburn,Industrials
Palmetto,$1,2021,United States,Charleston,Industrials
Synthesia,$1,2021,United Kingdom,London,Enterprise Tech
Prove Identity,$1,2021,United States,New York,Enterprise Tech
Character.AI,$1,2023,United States,Menlo Park,Media & Entertainment
Atmosphere,$1,2023,United States,Austin,Media & Entertainment
Adept,$1,2021,United States,San Francisco,Enterprise Tech
Beamery,$1,2021,United Kingdom,London,Enterprise Tech
Flow,$1,2022,United States,New York,Financial Services
Xanadu,$1,2022,Canada,Toronto,Enterprise Tech
LINE MAN Wongnai,$1,2023,Thailand,Bangkok,Consumer & Retail
Celestia,$1,2015,Liechtenstein,Vaduz,Enterprise Tech
Stability AI,$1,2022,United Kingdom,London,Enterprise Tech
Satispay,$1,2019,Italy,Milan,Financial Services
Paystand,$1,2022,United States,Scotts Valley,Financial Services
Turntide Technologies,$1,2019,United States,Sunnyvale,Industrials
EcoVadis,$1,2020,France,Paris,Enterprise Tech
TransferMate,$1,2021,Ireland,Kilkenny,Financial Services
Lookout,$1,2013,United States,San Francisco,Enterprise Tech
Snapdeal,$1,2017,India,New Delhi,Consumer & Retail
TechStyle Fashion Group,$1,2023,United States,El Segundo,Consumer & Retail
Zebec,$1,2021,United States,San Francisco,Financial Services
InMobi,$1,2014,India,Bengaluru,Enterprise Tech
LinkSure Network,$1,2015,China,Shanghai,Industrials
Red Ventures,$1,2015,United States,Fort Mill,Media & Entertainment
BeiBei,$1,2020,China,Hangzhou,Consumer & Retail
Lamabang,$1,2015,China,Shenzhen,Consumer & Retail
Jimu,$1,2021,China,Beijing,Financial Services
ShareCRM,$1,2015,China,Beijing,Enterprise Tech
Mia.com,$1,2015,China,Beijing,Consumer & Retail
58 Daojia,$1,2015,China,Beijing,Consumer & Retail
Womai,$1,2015,China,Beijing,Consumer & Retail
HuJiang,$1,2021,China,Shanghai,Consumer & Retail
iTutorGroup,$1,2021,China,Shanghai,Consumer & Retail
iCarbonX,$1,2016,China,Shenzhen,Healthcare & Life Sciences
Kendra Scott,$1,2021,United States,Austin,Consumer & Retail
Mobvoi,$1,2017,China,Beijing,Consumer & Retail
Zhuan Zhuan,$1,2022,China,Beijing,Consumer & Retail
Modernizing Medicine,$1,2017,United States,Boca Raton,Healthcare & Life Sciences
DianRong,$1,2017,China,Shanghai,Financial Services
YH Global,$1,2021,China,Shenzhen,Industrials
Revolution Precrafted,$1,2021,Philippines,Manila,Industrials
WeLab,$1,2017,Hong Kong,Hong Kong,Financial Services
Maimai,$1,2021,China,Beijing,Media & Entertainment
Dxy.cn,$1,2018,China,Hangzhou,Healthcare & Life Sciences
HMD Global,$1,2021,Finland,Espoo,Industrials
Huike Group,$1,2019,China,Beijing,Enterprise Tech
ChinaC.com,$1,2018,China,Wuxi,Enterprise Tech
LinkDoc Technology,$1,2018,China,Beijing,Healthcare & Life Sciences
Movile,$1,2018,Brazil,Sao Paulo,Consumer & Retail
Pat McGrath Labs,$1,2021,United States,New York,Consumer & Retail
Wacai,$1,2021,China,Hangzhou,Financial Services
FlashEx,$1,2015,China,Beijing,Industrials
Banma Network Technologies,$1,2020,China,Shanghai,Industrials
Tresata,$1,2018,United States,Charlotte,Financial Services
Momenta,$1,2021,China,Beijing,Industrials
Hosjoy,$1,2018,China,Nanjing,Consumer & Retail
Omio,$1,2019,Germany,Berlin,Consumer & Retail
TERMINUS Technology,$1,2021,China,Beijing,Industrials
BitFury,$1,2018,Netherlands,Amsterdam,Enterprise Tech
REEF Technology,$1,2018,United States,Miami,Industrials
Globality,$1,2021,United States,Menlo Park,Enterprise Tech
Ynsect,$1,2021,France,Evry,Industrials
Poizon,$1,2020,China,Shanghai,Consumer & Retail
SITECH DEV,$1,2016,China,Guiyang,Industrials
KnowBox,$1,2022,China,Beijing,Consumer & Retail
Yanolja,$1,2019,South Korea,Seoul,Consumer & Retail
Meero,$1,2022,France,Paris,Media & Entertainment
Ibotta,$1,2019,United States,Denver,Consumer & Retail
C2FO,$1,2019,United States,Leawood,Financial Services
Numbrs,$1,2021,Switzerland,Zurich,Financial Services
EBANX,$1,2021,Brazil,Curitiba,Financial Services
KK Group,$3,2021,China,Dongguan,Consumer & Retail
Hotmart,$1,2022,Netherlands,Amsterdam,Consumer & Retail
Dubizzle Group,$1,2022,United Arab Emirates,Dubai,Consumer & Retail
Quizlet,$1,2022,United States,San Francisco,Consumer & Retail
Orca Bio,$1,2023,United States,Menlo Park,Healthcare & Life Sciences
Infobip,$1,2020,Croatia,Vodnjan,Enterprise Tech
Zwift,$1,2021,United States,Long Beach,Healthcare & Life Sciences
Playco,$1,2021,Japan,Tokyo,Media & Entertainment
Gousto,$1.70,2020,United Kingdom,London,Consumer & Retail
Alation,$1.70,2021,United States,Redwood City,Enterprise Tech
Boom Supersonic,$1,2022,United States,Englewood,Industrials
Quantum Metric,$1,2021,United States,Colorado Springs,Enterprise Tech
News Break,$1,2021,United States,Mountain View,Media & Entertainment
MadeiraMadeira,$1,2021,Brazil,Parana,Consumer & Retail
PPRO,$1,2015,United Kingdom,London,Financial Services
Splashtop,$1,2020,United States,San Jose,Enterprise Tech
Flash Express,$1,2021,Thailand,Bangkok,Industrials
Axiom Space,$1,2015,United States,Houston,Industrials
Locus Robotics,$1,2015,United States,Wilmington,Industrials
Standard AI,$1,2021,United States,San Francisco,Consumer & Retail
Newsela,$1,2021,United States,New York,Consumer & Retail
Aqua Security,$1,2021,Israel,Ramat Gan,Enterprise Tech
PatSnap,$1,2019,Singapore,Singapore City,Enterprise Tech
Evidation,$1,2017,United States,San Mateo,Healthcare & Life Sciences
Sidecar Health,$1,2021,United States,El Segundo,Healthcare & Life Sciences
Feedzai,$1,2021,United States,San Mateo,Financial Services
Yunxuetang,$1,2021,China,Suzhou,Enterprise Tech
Cameo,$1,2021,United States,Chicago,Media & Entertainment
Hyperchain,$1,2021,China,Hangzhou,Enterprise Tech
The Zebra,$1,2021,United States,Austin,Insurance
Groq,$1,2022,United States,Mountain View,Enterprise Tech
Fiture,$1,2020,China,Chengdu,Healthcare & Life Sciences
Injective,$1,2020,United States,New York,Financial Services
Sift,$1,2021,United States,San Francisco,Enterprise Tech
Teya,$1,2021,United Kingdom,London,Financial Services
Capsule,$1,2023,United States,New York,Healthcare & Life Sciences
MOLOCO,$1.50,2020,United States,Redwood City,Enterprise Tech
Inari,$1.65,2021,United States,Cambridge,Industrials
Mux,$1,2021,United States,San Francisco,Media & Entertainment
XForcePlus,$1,2021,China,Shanghai,Enterprise Tech
Augustinus Bader,$1,2022,United Kingdom,London,Consumer & Retail
Shift,$1,2021,France,Paris,Insurance
TensTorrent,$1,2021,Canada,Toronto,Enterprise Tech
Zihaiguo,$1,2021,China,Chongqing,Consumer & Retail
Forte Labs,$1.73,2021,United States,San Francisco,Media & Entertainment
Axtria,$1,2018,United States,Berkeley Heights,Enterprise Tech
Amount,$1,2014,United States,Chicago,Financial Services
Vise,$1,2022,United States,New York,Financial Services
Printful,$1,2023,United States,Charlotte,Consumer & Retail
Matrixport,$1.05,2021,Singapore,Singapore City,Financial Services
Shippo,$1,2021,United States,San Francisco,Industrials
Thirty Madison,$1,2021,United States,New York,Healthcare & Life Sciences
LetsGetChecked,$1,2021,Ireland,Dublin,Healthcare & Life Sciences
EcoFlow,$1,2021,China,Shenzhen,Industrials
Carro,$1,2021,Singapore,Singapore City,Industrials
Tractable,$1,2023,United Kingdom,London,Insurance
Xiaoe Tech,$1,2018,China,Shenzhen,Enterprise Tech
Bringg,$1,2021,Israel,Tel Aviv,Enterprise Tech
Simply,$1,2022,Israel,Tel Aviv,Media & Entertainment
Worldcoin,$1,2018,United States,San Francisco,Financial Services
SmartAsset,$1,2021,United States,New York,Financial Services
Morning Consult,$1,2021,United States,Washington DC,Enterprise Tech
Visier,$1,2021,Canada,Vancouver,Enterprise Tech
ShipBob,$1,2021,United States,Chicago,Consumer & Retail
MobileCoin,$1.06,2021,United States,San Francisco,Financial Services
Amperity,$1,2021,United States,Seattle,Enterprise Tech
Pantheon Systems,$1,2021,United States,San Francisco,Enterprise Tech
Xiaoice,$1,2021,China,Beijing,Media & Entertainment
Caidya,$1,2021,China,Shanghai,Healthcare & Life Sciences
Carson Group,$1,2022,United States,Lincoln,Financial Services
NIUM,$2,2023,Singapore,Singapore City,Financial Services
Human Interest,$1,2021,United States,San Francisco,Financial Services
Bluecore,$1,2021,United States,New York,Consumer & Retail
Freshbooks,$1,2021,Canada,Toronto,Enterprise Tech
Snorkel AI,$1,2021,United States,Palo Alto,Enterprise Tech
Gelato,$1,2021,Norway,Oslo,Consumer & Retail
Maven,$1,2021,United States,New York,Healthcare & Life Sciences
PicsArt,$1,2021,United States,San Francisco,Media & Entertainment
1KMXC,$1,2021,China,Hangzhou,Industrials
Cider,$1,2021,Hong Kong,Hong Kong,Consumer & Retail
Berlin Brands Group,$1,2021,Germany,Berlin,Consumer & Retail
Agile Robots,$1,2021,Germany,Munich,Industrials
Mammoth Biosciences,$1,2021,United States,Brisbane,Healthcare & Life Sciences
Orchard,$1,2021,United States,New York,Financial Services
Xendit,$1,2023,Indonesia,Jakarta,Financial Services
TrueLayer,$1,2021,United Kingdom,London,Financial Services
Assembly,$1,2021,United States,Culver City,Consumer & Retail
PandaDoc,$1,2021,United States,San Francisco,Enterprise Tech
Keenon Robotics,$1,2021,China,Shanghai,Industrials
HAYDON,$1,2021,China,Shanghai,Consumer & Retail
Ninja Van,$1,2021,Singapore,Singapore City,Consumer & Retail
Vedantu,$1,2021,India,Bengaluru,Consumer & Retail
Formation Bio,$1,2015,United States,New York,Healthcare & Life Sciences
Ajaib,$1,2021,Indonesia,Jakarta,Financial Services
Licious,$1,2021,India,Bengaluru,Consumer & Retail
Masterworks,$1,2021,United States,New York,Financial Services
Chronosphere,$1,2021,United States,New York,Enterprise Tech
Solo.io,$1,2021,United States,Cambridge,Enterprise Tech
Savage X Fenty,$1,2021,United States,El Segundo,Consumer & Retail
Swile,$1,2021,France,Montpellier,Enterprise Tech
MobiKwik,$1,2020,India,Gurugram,Financial Services
Weights & Biases,$1.25,2021,United States,San Francisco,Enterprise Tech
Zopa,$1,2021,United Kingdom,London,Financial Services
Dental Monitoring,$1,2021,France,Paris,Healthcare & Life Sciences
CargoX,$1,2021,Brazil,Sao Paulo,Industrials
Fabric,$1,2019,United States,New York,Consumer & Retail
Augury,$1,2018,United States,New York,Industrials
Moka,$1,2021,China,Beijing,Enterprise Tech
Tezign,$1,2021,China,Shanghai,Enterprise Tech
Vagaro,$1,2021,United States,Dublin,Consumer & Retail
IGAWorks,$1,2021,South Korea,Seoul,Enterprise Tech
Contrast Security,$1,2021,United States,Los Altos,Enterprise Tech
Wrapbook,$1,2021,United States,New York,Media & Entertainment
Gaussian Robotics,$1.10,2021,China,Shanghai,Industrials
Mensa Brands,$1,2019,India,Bengaluru,Consumer & Retail
Heyday,$1,2019,United States,Chicago,Consumer & Retail
PLACE,$1,2022,United States,Bellingham,Financial Services
Stytch,$1,2018,United States,San Francisco,Enterprise Tech
Owkin,$1,2023,United States,New York,Healthcare & Life Sciences
Expel,$1,2017,United States,Herndon,Enterprise Tech
NoBroker,$1,2020,India,Bengaluru,Financial Services
Lessen,$1,2021,United States,Scottsdale,Financial Services
Clara,$1,2021,Mexico,Mexico City,Financial Services
YipitData,$1,2021,United States,New York,Enterprise Tech
Anyscale,$1,2021,United States,Berkeley,Enterprise Tech
Iodine Software,$1,2021,United States,Austin,Healthcare & Life Sciences
ReliaQuest,$1,2021,United States,Tampa,Enterprise Tech
Pet Circle,$1,2021,Australia,Alexandria,Consumer & Retail
Nature's Fynd,$1,2021,United States,Chicago,Consumer & Retail
Lydia,$1,2021,France,Paris,Financial Services
SellerX,$1,2021,Germany,Berlin,Consumer & Retail
SnapLogic,$1,2021,United States,San Mateo,Enterprise Tech
Cadence,$1,2021,United States,New York,Healthcare & Life Sciences
Noname Security,$1,2015,United States,Palo Alto,Enterprise Tech
Rothy's,$1,2017,United States,San Francisco,Consumer & Retail
VOI,$1,2020,Sweden,Stockholm,Industrials
Haomo.AI,$1,2021,China,Beijing,Industrials
Kopi Kenangan,$1,2021,Indonesia,Jakarta,Consumer & Retail
InFarm,$1,2020,Germany,Berlin,Industrials
ONE,$1,2021,Singapore,Singapore City,Media & Entertainment
Fractal Analytics,$1,2022,India,Mumbai,Enterprise Tech
Assent,$1,2022,Canada,Ottawa,Industrials
Placer.ai,$1,2022,United States,Los Altos,Consumer & Retail
Pentera,$1,2022,Israel,Petah Tikva,Enterprise Tech
Darwinbox,$1,2020,India,Hyderabad,Enterprise Tech
Minio,$1,2021,United States,Palo Alto,Enterprise Tech
Esusu,$1,2021,United States,New York,Financial Services
Betterfly,$1,2022,Chile,Santiago,Enterprise Tech
Dune Analytics,$1,2022,Norway,Oslo,Enterprise Tech
Scandit,$1,2022,Switzerland,Zurich,Enterprise Tech
Payhawk,$1,2021,United Kingdom,London,Enterprise Tech
Watershed,$1,2022,United States,San Francisco,Enterprise Tech
Axelar,$1,2020,Canada,Waterloo,Enterprise Tech
CHEQ,$1,2020,United States,New York,Enterprise Tech
Hasura,$1,2021,India,Bengaluru,Enterprise Tech
Timescale,$1,2018,United States,New York,Enterprise Tech
Scalapay,$1,2017,Italy,Milan,Financial Services
Omada Health,$1,2022,United States,San Francisco,Healthcare & Life Sciences
BlueVoyant,$1,2021,United States,New York,Enterprise Tech
Vendr,$1,2021,United States,Boston,Enterprise Tech
Gauntlet Networks,$1,2022,United States,New York,Financial Services
Aptos,$1,2022,United States,Palo Alto,Enterprise Tech
Glia,$1,2021,United States,New York,Enterprise Tech
CommerceIQ,$1,2022,United States,Palo Alto,Consumer & Retail
RapidAPI,$1,2015,United States,San Francisco,Enterprise Tech
Tarana Wireless,$1,2020,United States,Milpitas,Industrials
FLASH,$1,2021,United States,Austin,Industrials
Electric,$1,2021,United States,New York,Enterprise Tech
BostonGene,$1,2022,United States,Waltham,Healthcare & Life Sciences
Grover,$1,2022,Germany,Berlin,Consumer & Retail
Genies,$1,2022,United States,Venice,Media & Entertainment
Oyster,$1,2021,United States,Wilmington,Enterprise Tech
NexHealth,$1,2021,United States,San Francisco,Healthcare & Life Sciences
UPSIDE Foods,$1,2014,United States,Berkeley,Consumer & Retail
Factorial,$1,2022,Spain,Barcelona,Enterprise Tech
Divergent 3D,$1,2019,United States,Torrance,Industrials
Taxfix,$1,2020,Germany,Berlin,Financial Services
Open,$1,2022,India,Bengaluru,Financial Services
Opn,$1,2022,Japan,Tokyo,Financial Services
Remarkable,$1,2022,Norway,Oslo,Consumer & Retail
Habi,$1,2022,Colombia,Bogota,Financial Services
CareBridge,$1,2022,United States,Nashville,Healthcare & Life Sciences
Immuta,$1,2022,United States,Boston,Enterprise Tech
JupiterOne,$1,2022,United States,Morrisville,Enterprise Tech
Vayyar,$1,2022,Israel,Yehud,Industrials
LeadSquared,$1,2021,India,Bengaluru,Enterprise Tech
FourKites,$1,2021,United States,Chicago,Enterprise Tech
VulcanForms,$1,2022,United States,Burlington,Industrials
SingleStore,$1,2022,United States,San Francisco,Enterprise Tech
Unstoppable Domains,$1,2021,United States,Las Vegas,Media & Entertainment