Supplier,Store,Department,Scope 1 emissions in tons CO2,Scope 3 emissions factor
3098961,Lombard Street,Other,9.5,2.5
3220710,Lombard Street,Meat,2.5,1.2
4630586,Lombard Street,Meat,4.1,2.4
6970159,Union Square,Seafood,4,0.4
3865910,Embarcadero,Seafood,1.5,0.8
6250580,Embarcadero,Meat,8.6,1.1
4612845,Embarcadero,Meat,6.4,0.3
5390467,Union Square,Meat,6.7,1.1
4393079,Union Square,Packaged dry food,3.1,0.6
9281217,Lombard Street,Seafood,4.5,1.2
7682699,Union Square,Other,3.1,1.9
1062888,Union Square,Other,7.8,0.7
9669889,Union Square,Seafood,9.8,0.8
5865399,Embarcadero,Seafood,5,1
4362824,Union Square,Other,5.7,0.9
7501906,Embarcadero,Dairy,7.6,1.1
6418191,Embarcadero,Seafood,7.2,2.4
6201589,Union Square,Frozen,6.4,1.5
5101721,Embarcadero,Frozen,8.5,2.4
8159954,Union Square,Frozen,6.8,2.5
7617483,Embarcadero,Meat,9.8,1.1
9267613,Embarcadero,Frozen,6.9,1.8
3617077,Lombard Street,Seafood,7,0.7
1544485,Union Square,Seafood,6.7,0.4
6028941,Lombard Street,Other,7.8,1.6
5056317,Lombard Street,Seafood,10,1.8
1335615,Lombard Street,Other,2.7,0.3
7108165,Lombard Street,Dairy,0.8,0.4
8768450,Lombard Street,Meat,4.6,1.1
3019268,Lombard Street,Meat,5.5,0.6
1569967,Union Square,Dairy,1.9,2.2
5384907,Embarcadero,Meat,3.8,1.5
2680193,Lombard Street,Seafood,1.1,1.1
3611501,Union Square,Meat,0.6,0.4
4670852,Lombard Street,Meat,4.4,2.2
9848234,Embarcadero,Seafood,2.1,2.2
8336987,Lombard Street,Seafood,1.5,1.3
1631737,Union Square,Meat,6,0.8
1356604,Embarcadero,Other,2.8,1.8
8122311,Embarcadero,Seafood,3.6,0.7
3122113,Lombard Street,Dairy,2.7,2.1
5188835,Union Square,Meat,5.9,2
4160466,Union Square,Frozen,2.8,2
7355661,Embarcadero,Dairy,3.2,1.3
9956527,Lombard Street,Meat,3.4,1.9
7343576,Union Square,Meat,8.9,1.8
9259728,Lombard Street,Meat,3.8,0.9
9447593,Union Square,Frozen,8.9,1
7230476,Union Square,Meat,8.8,1.9
4298702,Union Square,Packaged dry food,2.7,0.8
7378088,Embarcadero,Other,3.6,0.9
1836679,Union Square,Meat,9,2.1
7238163,Lombard Street,Meat,7.2,1.6
2775200,Union Square,Frozen,1.5,1.1
5224698,Lombard Street,Other,2.5,0.5
4795701,Embarcadero,Other,4.4,0.9
8475621,Union Square,Dairy,9.3,2.1
8497644,Embarcadero,Frozen,6.8,1.3
2772361,Union Square,Dairy,4.7,0.5
3703737,Lombard Street,Other,1.1,0.8
6159994,Lombard Street,Packaged dry food,5.3,2.5
9537313,Embarcadero,Meat,7.3,1.2
4022240,Embarcadero,Dairy,7,2.3
4271218,Lombard Street,Dairy,3.1,1.9
4568146,Union Square,Packaged dry food,3.3,2
2268482,Union Square,Meat,1.1,0.9
2116455,Embarcadero,Dairy,1,0.7
7792388,Lombard Street,Frozen,8.5,0.5
5754729,Embarcadero,Meat,3.8,2
7517688,Embarcadero,Seafood,4.7,1
2925058,Union Square,Meat,5.7,0.6
4178810,Lombard Street,Seafood,7.5,1.3
5539295,Embarcadero,Meat,2.9,0.7
1196721,Embarcadero,Meat,4.8,2.1
7227752,Lombard Street,Produce,3.3,0.8
5183787,Lombard Street,Meat,1.6,1.7
5858629,Embarcadero,Frozen,5.6,1.8
9561066,Lombard Street,Meat,0.5,2.1
4912561,Lombard Street,Meat,1.4,0.9
3784892,Lombard Street,Meat,8.3,1.6
8665533,Embarcadero,Meat,10,0.8
4691035,Lombard Street,Other,5.3,1.7
2516723,Lombard Street,Meat,2.8,1.2
9796574,Lombard Street,Seafood,9.8,2
4400407,Lombard Street,Seafood,4.1,2.5
6940081,Union Square,Meat,9.9,2.4
7326989,Union Square,Produce,6.7,1.8
5983147,Embarcadero,Seafood,1.7,1.4
4944927,Embarcadero,Meat,0.7,0.6
8692702,Embarcadero,Meat,0.5,1.8
7815484,Lombard Street,Other,2.7,2.5
4444996,Union Square,Other,7.1,2.3
8691344,Union Square,Meat,7,1.8
7461746,Union Square,Meat,0.5,1.9
1597810,Union Square,Packaged dry food,6.6,1.8
8561835,Union Square,Meat,1.4,1
9698960,Union Square,Meat,3.1,0.3
2033789,Embarcadero,Seafood,4.1,2.2
1727792,Embarcadero,Meat,4.5,1.3
1092377,Embarcadero,Seafood,1,0.3
2724298,Lombard Street,Meat,7.9,0.8
3667640,Lombard Street,Meat,4.4,1.2
5657582,Embarcadero,Dairy,4.1,2.4
7843090,Union Square,Meat,0.8,0.9
6093887,Lombard Street,Seafood,2.3,2.4
4662923,Embarcadero,Dairy,3.3,1.7
6993457,Lombard Street,Meat,3.9,1
9010832,Embarcadero,Meat,5,1.7
7024188,Embarcadero,Produce,0.9,0.9
1593878,Union Square,Produce,7.6,0.3
1334438,Lombard Street,Seafood,7.9,0.7
1025798,Embarcadero,Meat,6.2,2
5381834,Lombard Street,Packaged dry food,9.5,0.7
6417499,Embarcadero,Other,4.7,0.5
1242956,Embarcadero,Frozen,2.8,2.5
3149347,Union Square,Packaged dry food,9.3,2.1
5431747,Lombard Street,Other,6.3,2.4
5520415,Union Square,Produce,1.3,0.3
5186773,Embarcadero,Packaged dry food,2.7,1.5
6417041,Embarcadero,Seafood,8.5,1.6
2440062,Lombard Street,Packaged dry food,1.2,0.4
9197666,Lombard Street,Meat,7,2.5
6346993,Union Square,Seafood,1.5,0.8
9558319,Union Square,Packaged dry food,1.4,0.3
2618316,Union Square,Produce,8.8,1.1
4350149,Union Square,Frozen,9,2.3
8395894,Union Square,Dairy,5.4,2.2
1961270,Lombard Street,Other,1.2,2.1
6031727,Lombard Street,Meat,2.6,2.1
1743441,Embarcadero,Meat,4.6,2.3
6875732,Lombard Street,Meat,6.9,1.3
2920976,Lombard Street,Frozen,9.8,1
4396438,Embarcadero,Dairy,6.5,1.3
1850168,Embarcadero,Meat,2.8,1.1
7323113,Lombard Street,Dairy,7.6,1.9
4613624,Union Square,Other,4,1.9
2988863,Union Square,Packaged dry food,0.9,2.3
4223171,Lombard Street,Meat,10,2
5143494,Lombard Street,Meat,5.4,0.4
5286745,Embarcadero,Dairy,8.7,2.2
9378905,Union Square,Frozen,6.9,2.2
3404868,Union Square,Meat,5.4,1.6
3651230,Lombard Street,Packaged dry food,5.9,1.6
4366097,Lombard Street,Seafood,2.1,2.5
1409103,Lombard Street,Other,7.8,2.1
5075916,Embarcadero,Dairy,7,1
3118136,Embarcadero,Meat,7,1.2
5487355,Lombard Street,Seafood,1.4,2
8519557,Union Square,Seafood,3.8,0.8
8645507,Lombard Street,Frozen,7.6,1.6
9419824,Union Square,Dairy,9.7,2.1
8801976,Union Square,Seafood,3,1.9
9613540,Union Square,Dairy,4.8,1.3
7571030,Union Square,Packaged dry food,4.3,0.4
9534838,Embarcadero,Dairy,2.2,1.7
7730014,Union Square,Dairy,10,1.7
3523069,Embarcadero,Frozen,3.1,0.5
2916969,Embarcadero,Meat,5.3,1.9
6130172,Union Square,Produce,1.2,1.8
8138817,Embarcadero,Meat,9.5,2.5
9900779,Lombard Street,Produce,3.8,0.8
9214772,Lombard Street,Packaged dry food,5.6,1.1
2282129,Embarcadero,Meat,4.2,2
6660021,Union Square,Meat,9.4,1.8
9529166,Lombard Street,Produce,4.9,0.6
9067936,Lombard Street,Meat,6.5,0.7
1821923,Embarcadero,Meat,0.9,1.3
5955004,Embarcadero,Meat,3.8,0.4
1922697,Embarcadero,Frozen,7.4,1.5
1275169,Union Square,Produce,9.9,2.4
4420029,Union Square,Dairy,2.2,1.9
7082826,Union Square,Meat,8.1,2
3774428,Union Square,Meat,2.6,1.2
3533297,Lombard Street,Frozen,7.1,1.3
7349000,Embarcadero,Meat,8.2,0.3
9084469,Lombard Street,Produce,4.5,2
8896854,Embarcadero,Dairy,9.9,0.9
9265504,Lombard Street,Meat,2.3,1.3
1566231,Embarcadero,Meat,5.9,0.9
8388461,Union Square,Seafood,8.5,2.5
4228700,Lombard Street,Meat,8.6,2.2
7740681,Lombard Street,Other,4.7,2.5
7388416,Union Square,Meat,8.1,1.6
9505313,Embarcadero,Frozen,2.2,1.3
3817655,Lombard Street,Meat,3.1,2.1
5977786,Embarcadero,Meat,5,0.3
1130622,Union Square,Dairy,4,1
3354180,Lombard Street,Frozen,7,1.8
6842717,Union Square,Dairy,0.7,1
9750684,Union Square,Produce,10,0.4
9554511,Union Square,Dairy,5,2.5
1637103,Lombard Street,Meat,6.4,1.5
6393267,Embarcadero,Frozen,7.7,1
4393936,Lombard Street,Dairy,4.9,0.8
2364522,Union Square,Dairy,0.9,1.8
2296860,Union Square,Meat,1.4,1.7
2380253,Embarcadero,Produce,6.7,1.6
6362560,Lombard Street,Seafood,6.8,1.9
4555838,Lombard Street,Meat,8.7,1.8
4337189,Lombard Street,Dairy,9.4,0.4
7075067,Embarcadero,Meat,2,1.2
2990888,Embarcadero,Seafood,9.3,1.6
6222875,Lombard Street,Dairy,1.9,1.8
3357986,Union Square,Seafood,0.6,0.3
8323970,Embarcadero,Produce,1.1,1.7
2971060,Embarcadero,Meat,0.8,0.3
4305973,Union Square,Meat,4,1.9
1757741,Union Square,Seafood,8.6,2.3
5278283,Union Square,Meat,3.4,2.2
9901770,Lombard Street,Meat,6.2,1.1
7808774,Embarcadero,Meat,0.8,1.1
5421223,Lombard Street,Produce,7.4,1.2
8452820,Union Square,Meat,7.7,2.5
9787898,Lombard Street,Packaged dry food,3.3,0.9
9007105,Union Square,Dairy,1.5,2.2
1740899,Union Square,Other,2.4,1.6
6454992,Lombard Street,Produce,4.7,1.5
6645325,Lombard Street,Frozen,2.6,0.7
2986863,Embarcadero,Meat,3.7,0.3
1407778,Union Square,Packaged dry food,9.4,1.7
2478223,Lombard Street,Meat,4.3,1.8
9029047,Embarcadero,Meat,6.2,2.5
7413865,Embarcadero,Other,5.4,0.7
6271133,Lombard Street,Seafood,0.6,1.5
9255114,Embarcadero,Other,1.8,1.2
6548507,Lombard Street,Meat,1.8,1.3
2150286,Lombard Street,Produce,7.1,2.5
6662433,Lombard Street,Meat,2,1.3
6606872,Union Square,Produce,9.2,0.8
7029646,Lombard Street,Packaged dry food,6.4,1
4768217,Union Square,Seafood,4.1,1.6
9257770,Embarcadero,Packaged dry food,8,0.3
3204810,Union Square,Meat,3.1,0.7
9565166,Union Square,Produce,6.9,0.9
5204186,Union Square,Dairy,1.5,1.6
8987469,Embarcadero,Other,6.2,1.7
2539340,Lombard Street,Seafood,6,0.6
8539818,Union Square,Meat,4.7,0.5
1748031,Union Square,Dairy,1.5,2.1
5283378,Lombard Street,Meat,1.6,0.5
9451278,Lombard Street,Meat,10,2.1
2706401,Embarcadero,Produce,9.1,0.3
3706424,Embarcadero,Meat,2.5,1.8
1646982,Union Square,Packaged dry food,2.2,1.6
4276543,Embarcadero,Dairy,1.5,1.1
9041017,Union Square,Produce,7,2
7462621,Union Square,Seafood,8.1,1.3
3021392,Lombard Street,Meat,0.8,0.8
9568061,Union Square,Packaged dry food,2.8,0.9
6458640,Lombard Street,Meat,6.9,2.3
6382780,Union Square,Meat,9.6,1.3
4041895,Union Square,Dairy,7.9,2.1
7686848,Lombard Street,Meat,5.2,2.3
9476034,Lombard Street,Produce,3.6,0.5
4462816,Embarcadero,Seafood,4.7,0.8
5659867,Embarcadero,Frozen,7,2.5
4909557,Embarcadero,Seafood,3.4,1
9432987,Lombard Street,Meat,5.4,1.4
7348576,Lombard Street,Meat,9.3,1.2
3373236,Lombard Street,Seafood,3.2,1.4
2313923,Lombard Street,Other,0.7,0.8
7205596,Union Square,Produce,5.6,0.5
6330080,Union Square,Meat,7.9,0.7
7326547,Union Square,Seafood,4.1,2
1192374,Union Square,Seafood,9.4,1.2
3637100,Union Square,Meat,1.6,1.6
6610526,Lombard Street,Seafood,8.5,1.1
6389711,Union Square,Dairy,2.9,0.3
9755594,Union Square,Other,2.7,1.3
5931201,Union Square,Meat,0.7,1.1
1769590,Union Square,Seafood,3.1,0.8
4728676,Union Square,Packaged dry food,5.9,1.7
2328785,Embarcadero,Meat,0.6,1.5
1064500,Embarcadero,Packaged dry food,9.9,1.8
4851430,Lombard Street,Dairy,8.2,0.8
5609487,Lombard Street,Meat,4,0.9
4573585,Union Square,Meat,7.3,1.6
4494001,Embarcadero,Other,6.9,1
6341922,Lombard Street,Meat,1.8,2.4
3740683,Embarcadero,Meat,1.8,1.3
4782276,Lombard Street,Meat,8,0.8
1094410,Embarcadero,Dairy,3.6,2.4
1292212,Lombard Street,Frozen,3.9,2.3
5265121,Union Square,Meat,6.4,1.7
5452544,Lombard Street,Seafood,2.1,1.9
3034196,Union Square,Meat,6.2,0.8
7849036,Lombard Street,Produce,7.1,0.9
9412448,Union Square,Seafood,8.6,1.2
8450690,Union Square,Meat,6.6,1.7
7475109,Union Square,Seafood,7.1,2
4155437,Union Square,Meat,6.4,1.8
9689978,Union Square,Dairy,7.5,1.4
6744661,Embarcadero,Seafood,6.2,1.1
9892903,Embarcadero,Dairy,0.7,0.9
1505434,Union Square,Meat,6.9,1.4
3404485,Lombard Street,Meat,1.6,2.2
1206820,Union Square,Meat,1.3,0.8
4435708,Embarcadero,Dairy,3.2,1
3578639,Embarcadero,Meat,7.4,2.2
3981261,Embarcadero,Meat,1.2,1.3
4915789,Union Square,Meat,8.3,1.6
8033429,Union Square,Other,9.9,2.1
1250798,Embarcadero,Seafood,4.4,1.6
3484905,Union Square,Meat,6.6,1.1
6651694,Embarcadero,Meat,1.1,0.6
2089297,Union Square,Seafood,3.3,0.5
8429089,Union Square,Frozen,8.5,0.3
7565371,Embarcadero,Dairy,2.4,1.7
5909277,Embarcadero,Meat,1.8,1.3
2165579,Union Square,Meat,1.4,2
1802487,Union Square,Dairy,8.8,0.4
1829147,Embarcadero,Produce,4.5,0.8
6450360,Lombard Street,Seafood,2.4,1.7
8481594,Union Square,Meat,0.9,1.4
7885457,Embarcadero,Dairy,5.4,1.3
5532502,Embarcadero,Seafood,3.5,2.2
1490522,Union Square,Seafood,0.5,0.8
8896991,Lombard Street,Packaged dry food,9,2.3
3299961,Union Square,Meat,3.8,0.5
3672590,Embarcadero,Dairy,7.1,1.2
5426120,Union Square,Meat,7.9,0.6
8183820,Embarcadero,Packaged dry food,8.3,0.6
5401684,Union Square,Meat,4.9,0.4
4726441,Embarcadero,Seafood,8.1,0.8
7785071,Embarcadero,Other,8.7,1.6
9219007,Embarcadero,Meat,2.1,0.9
4120868,Embarcadero,Frozen,9.3,1.3
9296478,Embarcadero,Meat,5.8,0.9
2011789,Union Square,Packaged dry food,9.1,0.5
2194217,Union Square,Produce,8.1,1.2
7236644,Embarcadero,Dairy,5.3,1.5
1020167,Lombard Street,Other,6.5,1.5
1229596,Embarcadero,Other,1.1,1.8
9289687,Union Square,Frozen,1.7,2
8402871,Union Square,Other,5.4,1.3
5341445,Union Square,Meat,8.7,1.4
6278574,Lombard Street,Frozen,0.6,2.5
9823898,Lombard Street,Produce,9.9,1.4
5071164,Lombard Street,Meat,6.8,1.8
5560344,Embarcadero,Dairy,4,1.1
6083180,Lombard Street,Meat,6.7,1.6
3573669,Embarcadero,Dairy,2.6,1.8
5886329,Union Square,Meat,7.7,0.4
9876713,Union Square,Frozen,5.2,0.6
7717583,Lombard Street,Packaged dry food,2.2,1.5
6907946,Lombard Street,Dairy,1,1.6
1600284,Lombard Street,Packaged dry food,3,1.1
9182860,Union Square,Meat,6.6,1
9882826,Embarcadero,Produce,5.2,0.8
3337289,Lombard Street,Meat,1.7,0.6
5381014,Lombard Street,Meat,8.9,1.4
5593031,Lombard Street,Seafood,5.3,1.8
7502742,Lombard Street,Meat,3.7,1.9
5718553,Embarcadero,Frozen,1.8,0.3
3379047,Lombard Street,Seafood,9.8,2.2
7696670,Union Square,Other,9.5,1.2
7595752,Lombard Street,Dairy,6.1,1.4
3388628,Union Square,Dairy,8.2,0.5
3543134,Union Square,Meat,7.8,1.3
2313426,Embarcadero,Meat,5.8,0.9
1055028,Lombard Street,Other,3.7,2.1
9802936,Embarcadero,Seafood,9.3,2.3
8133407,Embarcadero,Meat,5.4,0.8
6488299,Lombard Street,Other,9,1.8
8450796,Lombard Street,Other,1.2,0.7
8526126,Union Square,Meat,1.8,1.1
7860097,Union Square,Meat,9.6,0.4
9609665,Union Square,Produce,4.2,2.3
7218583,Embarcadero,Seafood,7.6,1.2
9659445,Embarcadero,Seafood,3.5,1.3
9998795,Union Square,Seafood,8.8,1.1
8307136,Union Square,Meat,1.9,0.8
1766563,Union Square,Meat,7.2,2.3
4467501,Lombard Street,Seafood,5.1,2.1
7908118,Lombard Street,Meat,1.7,1.5
9884308,Union Square,Packaged dry food,3.4,1.2
6521551,Union Square,Meat,4.5,0.4
9721466,Embarcadero,Other,4.9,1.9
1403823,Lombard Street,Other,9.9,2.3
4060693,Lombard Street,Meat,3.2,1.8
7360385,Lombard Street,Meat,2.8,1.4
6374150,Lombard Street,Meat,7.5,1.3
6041692,Embarcadero,Dairy,2.1,0.6
6206983,Union Square,Dairy,0.6,2.2
8147615,Lombard Street,Seafood,3,1.2
2118597,Embarcadero,Seafood,3.7,0.9
3831475,Lombard Street,Meat,0.5,1.3
8167736,Union Square,Seafood,6.7,2.2
1576128,Union Square,Other,7.9,1
4576241,Union Square,Dairy,9.8,0.6
7510520,Lombard Street,Frozen,5.9,1.7
6350536,Lombard Street,Frozen,5.7,2.2
7159695,Embarcadero,Frozen,8.6,1.8
4456565,Union Square,Dairy,7.4,0.5
6875785,Embarcadero,Meat,6.7,1.3
1975320,Union Square,Other,8.8,1.4
3065101,Union Square,Meat,0.9,1.3
1328898,Lombard Street,Meat,3.4,1.8
3724057,Union Square,Other,7.4,0.9
4312746,Lombard Street,Seafood,5.9,1.1
2937134,Lombard Street,Meat,4.2,2.2
8909635,Embarcadero,Seafood,5.3,1.8
2135134,Union Square,Meat,2.9,1.6
5420832,Embarcadero,Meat,2.4,0.6
1020633,Lombard Street,Meat,3.3,2.4
5006128,Embarcadero,Frozen,6,1.5
3718044,Embarcadero,Dairy,6.1,0.5
7038443,Union Square,Seafood,6.6,0.7
5885198,Lombard Street,Seafood,3.7,0.8
1001534,Embarcadero,Packaged dry food,6.3,1.2
3791530,Union Square,Dairy,7,2.3
2165979,Union Square,Meat,2.9,1.7
5220229,Embarcadero,Meat,5,2.5
1009666,Lombard Street,Meat,3.1,0.6
5012541,Union Square,Meat,5.1,1.5
1294000,Embarcadero,Meat,6.8,0.8
9474167,Lombard Street,Packaged dry food,3.5,1.2
2518647,Embarcadero,Dairy,8.8,1.5
5813726,Embarcadero,Meat,9.1,1.8
5062629,Union Square,Seafood,1.9,1.5
3660501,Lombard Street,Frozen,6.4,1.1
7810792,Embarcadero,Meat,3.8,2.4
8488623,Lombard Street,Meat,3.7,1.9
4687985,Union Square,Packaged dry food,7.8,2
6465765,Lombard Street,Frozen,7.4,2.2
8540891,Lombard Street,Dairy,9.9,1
1406503,Union Square,Frozen,8.3,1.1
5636985,Lombard Street,Meat,5.4,1.2
6461847,Lombard Street,Seafood,9.2,1.3
2433700,Lombard Street,Meat,9.6,1.5
7138534,Union Square,Meat,4.6,0.4
5790475,Embarcadero,Other,1.5,2.3
3160093,Union Square,Meat,5.3,1.2
3919176,Union Square,Frozen,1.6,1.9
1815856,Lombard Street,Packaged dry food,0.7,0.9
9664286,Lombard Street,Meat,9.5,1.8
8998452,Embarcadero,Meat,7.4,0.7
7867789,Union Square,Meat,5.1,0.8
7598823,Union Square,Dairy,1,2.2
2871486,Embarcadero,Packaged dry food,2.1,1.7
5788034,Embarcadero,Seafood,4.4,2.2
4136073,Lombard Street,Other,4.9,0.6
9778433,Lombard Street,Produce,4.3,1.4
4144391,Union Square,Dairy,5.2,2.1
8370525,Lombard Street,Packaged dry food,1,1.6
2738672,Embarcadero,Meat,7.1,1.6
5324984,Embarcadero,Dairy,6.2,1.5
2934124,Lombard Street,Produce,9,2.4
9359578,Union Square,Other,3.6,0.7
1085231,Embarcadero,Meat,4.8,0.8
5857672,Union Square,Packaged dry food,5.6,2
6461342,Lombard Street,Seafood,2.7,1.3
6881402,Union Square,Frozen,5,0.4
8397823,Union Square,Seafood,9.7,1.4
9174390,Embarcadero,Other,5.4,1
4696580,Lombard Street,Other,9.4,0.4
3988688,Union Square,Produce,7.4,0.9
1071050,Union Square,Meat,6.5,0.4
2466267,Embarcadero,Dairy,3.5,2.1
6686801,Union Square,Seafood,9.3,0.7
9080634,Lombard Street,Meat,2.2,1.8
6506198,Lombard Street,Meat,7.3,1.8
9673761,Embarcadero,Dairy,8,1.2
7361358,Lombard Street,Dairy,9,1.5
4860084,Embarcadero,Meat,0.8,2.5
9400892,Union Square,Packaged dry food,3.8,0.4
6730106,Union Square,Other,6.8,2.3
2539765,Union Square,Produce,8.8,1
7539990,Lombard Street,Dairy,5.2,1.3
8963590,Lombard Street,Meat,0.7,2.5
4670473,Union Square,Meat,7.1,0.9
3653152,Embarcadero,Other,3.1,1.3
9271041,Lombard Street,Meat,8,0.6
5189845,Lombard Street,Other,4.7,1.4
7376809,Lombard Street,Frozen,5,2.3
7239302,Embarcadero,Meat,3.5,2
4110037,Embarcadero,Dairy,9.9,1.6
8600457,Lombard Street,Produce,7.1,1.8
9523240,Lombard Street,Seafood,9.6,2.5
1422535,Embarcadero,Meat,2.5,0.7
1584247,Embarcadero,Meat,4,2.3
2558663,Embarcadero,Other,3.3,0.6
8266937,Embarcadero,Packaged dry food,9.3,2.4
6647297,Embarcadero,Meat,0.5,1.1
8671306,Lombard Street,Frozen,3.1,1
9058456,Embarcadero,Meat,2.7,1.1
9498281,Lombard Street,Meat,5,1.8
8614756,Union Square,Meat,2.7,0.8
1351651,Union Square,Seafood,6.4,0.5
1172567,Embarcadero,Other,2.1,1.1
3512589,Embarcadero,Seafood,8.7,0.7
5467142,Union Square,Meat,4.3,2.5
5853990,Embarcadero,Dairy,5.8,0.7
3706547,Lombard Street,Meat,2.6,2.1
7030462,Embarcadero,Packaged dry food,6.8,0.8
9743617,Embarcadero,Meat,5.5,0.8
3986023,Lombard Street,Meat,9.5,0.5
2407985,Embarcadero,Meat,8.2,0.8
2091453,Union Square,Produce,5.1,1
2618497,Lombard Street,Dairy,9,0.8
2627421,Lombard Street,Dairy,2.7,2.2
5975337,Union Square,Meat,6.6,2.2
3135345,Union Square,Meat,1,2.5
3789294,Union Square,Meat,9.7,0.9
8886412,Embarcadero,Seafood,4.6,0.4
4943153,Embarcadero,Frozen,0.8,2
1558484,Embarcadero,Packaged dry food,1.6,1.6
6137971,Lombard Street,Dairy,3.7,0.7
1188304,Embarcadero,Seafood,3.7,0.9
1931292,Union Square,Meat,5.5,2.2
3108895,Embarcadero,Dairy,2.6,1.2
3075035,Embarcadero,Dairy,9.3,0.6
4704033,Union Square,Other,5.3,1.4
4556813,Union Square,Frozen,5,1.2
1958026,Embarcadero,Dairy,0.5,0.5
4358386,Embarcadero,Meat,5.8,1.1
5209732,Lombard Street,Dairy,7.2,1.6
6908679,Union Square,Packaged dry food,3,0.6
5212994,Embarcadero,Meat,3.2,0.8
2691685,Union Square,Seafood,8.4,1.2
2828789,Union Square,Meat,4.5,0.7
9916353,Union Square,Meat,1.1,0.8
7574498,Union Square,Dairy,6.1,0.8
4932079,Lombard Street,Meat,7.8,2.4
4035719,Lombard Street,Produce,9.2,1
8860108,Embarcadero,Frozen,1,1.1
1796654,Embarcadero,Seafood,8.9,2
8570689,Union Square,Frozen,2.4,0.7
5622618,Lombard Street,Produce,4.9,2.4
1276468,Embarcadero,Meat,6.9,0.6
7341387,Union Square,Seafood,5.2,1
8992887,Lombard Street,Seafood,7.3,2.3
7613355,Lombard Street,Meat,3.3,2
7188483,Union Square,Frozen,7.8,0.9
8885347,Embarcadero,Meat,6.2,0.4
4863627,Union Square,Seafood,4.6,1.2
7245714,Lombard Street,Dairy,7.5,0.9
5986561,Embarcadero,Dairy,4.1,1.6
9579362,Union Square,Dairy,3.3,2.4
7533405,Embarcadero,Produce,8.6,1.4
5539508,Union Square,Seafood,1.7,1.2
9274384,Embarcadero,Seafood,6.6,0.9
5845556,Union Square,Frozen,1.5,1.1
4821568,Lombard Street,Other,7.3,2.1
6793888,Embarcadero,Frozen,9.8,2.4
2127112,Lombard Street,Dairy,7.5,0.8
9039270,Union Square,Frozen,5.3,1.6
5462659,Embarcadero,Seafood,8.6,2.3
2154836,Embarcadero,Dairy,9,1.1
3199202,Union Square,Dairy,9.1,0.4
1519057,Union Square,Packaged dry food,1.1,0.5
3731837,Union Square,Dairy,3.4,0.5
9039302,Embarcadero,Frozen,5.9,1.1
2060665,Lombard Street,Meat,6.4,1.6
5375074,Lombard Street,Meat,3.4,1.8
9947984,Embarcadero,Packaged dry food,9.6,0.5
6193207,Embarcadero,Packaged dry food,2,0.8
5643489,Embarcadero,Meat,6.9,0.4
7691582,Union Square,Meat,4,2.2
6229879,Union Square,Meat,2.1,1.6
8324043,Union Square,Dairy,8.8,2.2
8534081,Embarcadero,Packaged dry food,2.3,0.4
8606290,Union Square,Dairy,4.8,1.2
3832097,Embarcadero,Seafood,8.3,1.4
9923430,Embarcadero,Meat,8,1.2
7237145,Embarcadero,Meat,8.6,0.3
3164745,Union Square,Meat,5.2,2.1
8894518,Embarcadero,Meat,2.6,1.6
1670957,Lombard Street,Meat,0.6,2.3
5125231,Embarcadero,Meat,8,0.3
3014576,Embarcadero,Seafood,5.4,1.7
7999518,Embarcadero,Meat,3.7,2.5
9664178,Embarcadero,Meat,5,2.3
4971548,Union Square,Meat,5,0.8
8327427,Lombard Street,Meat,4,1.9
2273190,Lombard Street,Seafood,8.2,1.4
4925946,Union Square,Dairy,6.2,2
6089739,Lombard Street,Meat,4.2,0.3
9821776,Lombard Street,Dairy,1.6,0.8
4723207,Union Square,Meat,7,0.9
9024063,Lombard Street,Packaged dry food,1.5,1.8
2896973,Union Square,Dairy,2.5,1.4
5233007,Union Square,Produce,4.3,2.3
5016002,Union Square,Other,7.9,2.4
5955959,Lombard Street,Other,5.8,1.3
7842564,Lombard Street,Seafood,3.7,1.7
8373416,Union Square,Produce,0.5,0.4
2760968,Lombard Street,Meat,7.1,1.5
6513746,Lombard Street,Frozen,8.3,1.3
5220066,Embarcadero,Dairy,2.8,1.1
1153226,Union Square,Meat,6.6,2.1
7864125,Union Square,Meat,8.3,2.3
1684003,Lombard Street,Other,1.3,2.5
2517836,Lombard Street,Other,8.3,1.8
5526914,Embarcadero,Dairy,0.7,1.2
1834131,Embarcadero,Meat,3.5,2.5
6719230,Lombard Street,Meat,0.7,2.5
4957709,Lombard Street,Meat,9.6,2.2
6988108,Lombard Street,Meat,2.6,2.1
4811561,Lombard Street,Produce,6.6,1.9
4682316,Lombard Street,Produce,6.6,2.1
8492039,Union Square,Meat,8.5,1.9
6627651,Embarcadero,Produce,7,2.2
3234208,Lombard Street,Dairy,9,1.3
9401190,Lombard Street,Seafood,3.8,2
1878671,Embarcadero,Meat,3.2,0.9
7488235,Union Square,Frozen,9.7,1.8
2351575,Embarcadero,Other,8.2,1.1
8428223,Lombard Street,Frozen,5.8,1.1
5840083,Embarcadero,Seafood,3.3,1.4
3010398,Embarcadero,Packaged dry food,2.9,1.8
3794190,Union Square,Produce,7.7,2.1
6393304,Embarcadero,Meat,1.5,0.4
6209960,Embarcadero,Meat,5.1,1.5
1085885,Lombard Street,Packaged dry food,7.3,1.4
9077337,Embarcadero,Meat,6.4,2.3
2528332,Embarcadero,Dairy,0.8,1.4
2736884,Union Square,Meat,3.9,1.4
8008874,Union Square,Dairy,6,0.9
6273397,Union Square,Seafood,3.7,2.3
5142532,Union Square,Meat,1.5,1.4
4066265,Lombard Street,Packaged dry food,4.1,1.8
2030660,Embarcadero,Meat,7.8,0.3
4573853,Lombard Street,Meat,4.5,0.8
6979111,Union Square,Seafood,6.7,1.3
1090661,Union Square,Meat,5.3,0.6
1591863,Union Square,Dairy,1.3,1.4
2943288,Lombard Street,Meat,4.5,1.8
9581098,Lombard Street,Packaged dry food,2.6,1.9
6130404,Union Square,Meat,4.6,2.4
4149232,Lombard Street,Packaged dry food,0.8,1.8
5618326,Embarcadero,Packaged dry food,1.5,1.1
2828432,Union Square,Seafood,1.6,2.2
1989331,Embarcadero,Dairy,3.4,1.7
8201448,Lombard Street,Produce,7.3,1.1
4085038,Embarcadero,Meat,1.6,0.5
2403662,Embarcadero,Other,3.2,0.3
4718137,Embarcadero,Seafood,6.1,2.5
1437520,Lombard Street,Produce,2.7,2.5
2672856,Embarcadero,Other,6.8,0.7
2109853,Union Square,Meat,9.8,1.6
9638286,Embarcadero,Meat,6.3,2.1
9054634,Lombard Street,Frozen,7.7,0.5
7623133,Embarcadero,Meat,4.3,2
9735417,Union Square,Meat,6.9,1.2
2331628,Embarcadero,Frozen,3.8,2.2
5575143,Embarcadero,Packaged dry food,3.6,2.5
8135801,Embarcadero,Packaged dry food,0.7,2.5
9711122,Lombard Street,Produce,9.5,2.4
5842678,Union Square,Meat,1,0.7
6598734,Union Square,Seafood,2.8,0.7
1446517,Lombard Street,Dairy,8.8,1.6
2683409,Union Square,Seafood,8.5,0.5
3328195,Embarcadero,Meat,8.8,1.9
9333075,Embarcadero,Produce,7.4,0.8
7648389,Union Square,Meat,7.6,1.7
3395984,Union Square,Seafood,2.2,0.7
8224739,Embarcadero,Meat,5.3,1.9
6159671,Embarcadero,Produce,2.2,0.3
3374952,Embarcadero,Meat,6.1,0.7
7631244,Union Square,Produce,5.4,1.7
2531447,Lombard Street,Frozen,7,2.3
1731047,Union Square,Dairy,6.3,1.9
4515777,Embarcadero,Seafood,4.3,2
1556639,Union Square,Seafood,5,1.4
3507831,Lombard Street,Meat,9.9,2.4
3719804,Embarcadero,Meat,5.2,2.5
3200616,Embarcadero,Packaged dry food,1.2,2.5
3445615,Lombard Street,Meat,2.5,1.7
2151576,Lombard Street,Frozen,0.6,2.4
1688883,Lombard Street,Produce,8.4,0.5
1812721,Lombard Street,Produce,2.1,2.1
8365394,Lombard Street,Dairy,6.7,1.5
1856286,Lombard Street,Frozen,5.4,1.1
5540829,Lombard Street,Meat,6,1.9
4658939,Union Square,Meat,2.8,2.1
2304445,Union Square,Seafood,4.3,0.7
2611348,Union Square,Meat,8.9,0.5
8997171,Lombard Street,Meat,2,0.7
9551547,Embarcadero,Produce,6.5,0.3
5741189,Union Square,Produce,2.3,2
5024929,Union Square,Seafood,1,0.3
9352960,Embarcadero,Packaged dry food,9.1,0.6
7850460,Union Square,Meat,9.6,0.8
8486809,Union Square,Other,9.3,0.4
3724712,Union Square,Meat,8.3,1
4398242,Union Square,Meat,2.4,2
1063420,Embarcadero,Meat,2.1,0.3
2072845,Embarcadero,Other,2.4,2.4
4396453,Lombard Street,Meat,5.4,1.1
8424085,Union Square,Packaged dry food,6.7,0.5
1076547,Union Square,Seafood,7.1,1.5
8176324,Embarcadero,Packaged dry food,0.6,2
7788834,Embarcadero,Frozen,9.9,0.7
3303646,Lombard Street,Meat,9.1,1.8
7521217,Lombard Street,Seafood,7.8,1.8
7133828,Embarcadero,Frozen,4.1,1.1
7126572,Embarcadero,Packaged dry food,8.6,1.6
5902941,Union Square,Dairy,3.1,2
3728945,Lombard Street,Meat,9.9,1.2
5622173,Embarcadero,Meat,6.5,0.4
6517942,Union Square,Meat,9.7,1.2
2635627,Embarcadero,Packaged dry food,7.3,0.7
4960019,Embarcadero,Meat,3.1,2.2
1230590,Lombard Street,Dairy,5.3,0.3
6820862,Union Square,Dairy,7.8,1.8
5359710,Embarcadero,Other,8.6,1.6
7170232,Union Square,Frozen,0.8,0.6
9723571,Union Square,Meat,1.5,2.1
6995854,Embarcadero,Dairy,4.1,1.4
1881909,Lombard Street,Dairy,3.9,2.5
2794926,Embarcadero,Meat,5.2,1.7
7975668,Union Square,Meat,8.4,1.8
3273991,Union Square,Other,8.2,2.1
3266174,Embarcadero,Meat,4.1,1.7
7085634,Union Square,Frozen,5.8,2.5
9027329,Lombard Street,Meat,8,0.8
1062208,Embarcadero,Seafood,4.1,0.7
8282300,Lombard Street,Dairy,0.6,1.5
4108253,Union Square,Meat,3.2,0.3
5720743,Embarcadero,Other,5.5,0.9
3925924,Lombard Street,Packaged dry food,5.8,1.6
2493132,Embarcadero,Packaged dry food,1.4,2.4
4051151,Lombard Street,Dairy,7.7,1.6
3385929,Embarcadero,Packaged dry food,4,0.7
1820050,Lombard Street,Packaged dry food,0.6,0.6
2021851,Union Square,Other,3,0.4
7572896,Embarcadero,Seafood,1.5,0.3
1945120,Lombard Street,Frozen,9.6,1.8
2318516,Embarcadero,Meat,8.8,0.3
5187681,Embarcadero,Meat,6.9,1
6653310,Union Square,Other,3,0.7
3236769,Lombard Street,Seafood,8.9,1.4
9642547,Union Square,Dairy,8.9,2.2
2098513,Lombard Street,Dairy,5.5,1.1
7005731,Embarcadero,Meat,5,1.7
4455212,Embarcadero,Frozen,2,0.7
7607806,Embarcadero,Meat,7.4,2.2
2884554,Embarcadero,Meat,9.3,0.3
1495962,Union Square,Meat,7,2.2
7385082,Embarcadero,Meat,2.6,0.5
5103101,Lombard Street,Produce,7.9,2.4
7333456,Lombard Street,Meat,1.4,1.2
5562257,Lombard Street,Seafood,5.3,1
4150941,Lombard Street,Meat,5.6,1.1
9667794,Union Square,Dairy,6.1,1
3230000,Lombard Street,Meat,7,1.8
8319076,Embarcadero,Produce,6.2,0.3
4692505,Lombard Street,Seafood,0.6,1.4
9648294,Lombard Street,Other,2.9,1.7
1353109,Lombard Street,Seafood,6.6,0.8
1782106,Embarcadero,Meat,8.2,2.3
3820574,Union Square,Packaged dry food,4.8,1.4
1734550,Embarcadero,Packaged dry food,8.9,0.9
7740989,Lombard Street,Seafood,1.9,2.5
9706319,Lombard Street,Produce,6.2,0.6
5727704,Embarcadero,Produce,1.7,1.8
5569391,Union Square,Seafood,9.4,1.9
6994286,Lombard Street,Dairy,4.5,0.3
5841028,Lombard Street,Meat,9.2,2.4
9016159,Lombard Street,Seafood,3.9,0.4
1004886,Embarcadero,Frozen,4.4,2.3
4566648,Embarcadero,Dairy,8.9,0.9
7727588,Lombard Street,Frozen,9.9,2.3
8087575,Lombard Street,Meat,7.3,0.3
4002498,Embarcadero,Produce,4.5,1.8
1801505,Lombard Street,Other,6.8,2.3
1961151,Lombard Street,Seafood,4.6,2.4
3335504,Embarcadero,Dairy,5.4,1.1
5982996,Union Square,Meat,9.4,0.8
5739587,Lombard Street,Meat,7.8,0.3
5973946,Union Square,Seafood,2.5,2.5
5708411,Embarcadero,Meat,2.9,2
5433236,Embarcadero,Other,8.3,0.4
5462465,Lombard Street,Meat,9.1,1.1
7506484,Union Square,Produce,0.9,1.5
6700269,Embarcadero,Seafood,2.3,2
4677718,Embarcadero,Frozen,6.3,0.7
3746117,Lombard Street,Meat,7.2,1.3
7681845,Union Square,Seafood,7.6,2.1
4300880,Union Square,Seafood,6.4,1.6
9519380,Lombard Street,Meat,4.7,2.2
8101900,Embarcadero,Packaged dry food,8.4,1.2
7751767,Union Square,Dairy,6.1,1.9
4620090,Embarcadero,Produce,3,0.8
6263132,Union Square,Seafood,3.9,1.2
9846444,Lombard Street,Dairy,5.9,1.8
1284374,Lombard Street,Meat,3.5,1.6
9413844,Lombard Street,Seafood,8.6,1.2
7388127,Embarcadero,Dairy,7.1,1.1
1538035,Lombard Street,Meat,9.7,0.8
5514897,Union Square,Seafood,2.5,1.5
6821804,Union Square,Meat,5.2,1.4
8191844,Embarcadero,Frozen,8.4,0.5
4687482,Embarcadero,Meat,9.5,0.8
8675271,Union Square,Meat,0.8,1.6
8915374,Union Square,Packaged dry food,3.7,1.8
5479573,Lombard Street,Meat,5.1,1.5
4592168,Union Square,Packaged dry food,1.5,1.2
5740480,Embarcadero,Meat,10,1.8
8008423,Lombard Street,Seafood,8.1,1.3
9004442,Lombard Street,Seafood,5.8,1.1
8611909,Lombard Street,Seafood,2.3,1.2
6816769,Lombard Street,Produce,3.7,1.7
2788357,Embarcadero,Meat,5.3,0.8
9236820,Union Square,Meat,4.3,0.7
4467924,Embarcadero,Dairy,1.8,0.7
3356378,Union Square,Meat,0.5,0.9
7850219,Union Square,Dairy,7.5,0.7
9371669,Embarcadero,Meat,5.9,2
8473660,Embarcadero,Meat,4.7,1.4
1399101,Union Square,Meat,5.9,1.1
9197940,Lombard Street,Seafood,8.9,0.8
7227672,Union Square,Dairy,6.7,2.3
1251170,Union Square,Meat,8.2,0.5
6315074,Union Square,Meat,7.2,0.3
3494929,Lombard Street,Frozen,1.2,1.2
1880806,Union Square,Other,9.3,2.1
8929716,Union Square,Meat,7.6,1.4
6498258,Lombard Street,Dairy,2.4,2.5
7862047,Embarcadero,Packaged dry food,7.8,1.3
4470233,Union Square,Seafood,9.2,1.8
4229164,Lombard Street,Dairy,0.9,2.5
5011575,Embarcadero,Seafood,6.9,1.9
2474459,Lombard Street,Other,5.2,1.9
8384048,Union Square,Seafood,3.9,2.4
6623994,Lombard Street,Other,9.8,2.4
2621945,Embarcadero,Meat,5.8,1.5
3376381,Embarcadero,Frozen,8.7,2.2
9129640,Lombard Street,Other,5.8,0.6
8788813,Union Square,Meat,9.7,2.5
9580879,Embarcadero,Packaged dry food,5.5,2.3
6738806,Embarcadero,Meat,5.2,1.4
8073487,Union Square,Frozen,9.6,0.3
1443993,Union Square,Meat,3.4,0.8
1336528,Embarcadero,Meat,3.7,1.7
8304986,Embarcadero,Other,2.9,0.3
8491354,Lombard Street,Packaged dry food,5.8,0.4
1347806,Lombard Street,Dairy,7.4,2.2
1766419,Embarcadero,Seafood,5.1,0.8
4757116,Embarcadero,Meat,7.9,1.2
1958304,Lombard Street,Dairy,6.9,0.4
1371669,Embarcadero,Meat,6.7,1.9
8132675,Union Square,Other,7.6,0.9
3696899,Union Square,Meat,8.5,1.6
6224030,Embarcadero,Produce,4.8,0.4
7605061,Union Square,Meat,3.6,1.4
2579031,Embarcadero,Frozen,1.9,1.5
2352175,Lombard Street,Dairy,4.3,0.6
7725510,Embarcadero,Produce,7.6,2.5
2589814,Union Square,Produce,5.3,1.4
2257962,Lombard Street,Meat,8.7,1.7
4567640,Embarcadero,Other,5.3,2
1280924,Union Square,Dairy,4.4,1.7
1797033,Lombard Street,Frozen,2.4,1.4
3342079,Lombard Street,Other,9.4,2.3
2023071,Embarcadero,Meat,8.5,0.3
1885142,Lombard Street,Dairy,1.6,0.9
7100600,Lombard Street,Packaged dry food,7.6,2
3443942,Embarcadero,Frozen,0.8,2.1
1394869,Lombard Street,Seafood,9.5,1.8
7411109,Union Square,Seafood,7.4,1.3
6283819,Union Square,Other,6.6,1.3
6030700,Lombard Street,Meat,6,0.7
7835043,Embarcadero,Meat,9.6,1
8106449,Embarcadero,Dairy,6.4,0.9
7705035,Lombard Street,Meat,4.9,2.2
4900732,Embarcadero,Dairy,3.9,0.6
7781321,Embarcadero,Packaged dry food,1.6,1.2
7720522,Union Square,Meat,9.7,1.6
5678079,Embarcadero,Meat,6.2,1.5
9418841,Lombard Street,Frozen,5.6,1.7
1661300,Lombard Street,Other,5.6,2.3
4014253,Embarcadero,Meat,6.3,0.9
4040943,Embarcadero,Dairy,2,0.7
8633880,Union Square,Frozen,8.8,0.9
6396864,Embarcadero,Meat,1.2,2
9644605,Embarcadero,Meat,5.3,0.5
6614368,Union Square,Seafood,8.6,1.9
5253977,Union Square,Produce,1.2,1.4
4075236,Lombard Street,Dairy,5.6,2.5
2980567,Union Square,Meat,7,2
1225365,Embarcadero,Dairy,3.8,1.6
2570069,Lombard Street,Packaged dry food,7.6,1.2
6664359,Embarcadero,Seafood,8,1.1
5267009,Embarcadero,Meat,8.3,0.6
4587840,Embarcadero,Other,2.3,0.9
5031143,Union Square,Dairy,7.6,0.3
5609436,Lombard Street,Frozen,6.9,0.7
7591476,Embarcadero,Meat,3.2,0.3
7803780,Embarcadero,Packaged dry food,0.5,0.8
2199074,Embarcadero,Frozen,5.3,0.8
4595726,Embarcadero,Seafood,8.5,2.5
8668124,Lombard Street,Other,4.7,1.3
7169744,Embarcadero,Dairy,1,2.1
7620448,Lombard Street,Dairy,5.9,0.8
8112476,Embarcadero,Seafood,1.1,0.9
4146811,Union Square,Meat,1.8,0.4
8960888,Union Square,Meat,5.1,1.1
5230687,Embarcadero,Packaged dry food,6.9,0.7
1994217,Union Square,Produce,6.7,1.1
2397088,Lombard Street,Produce,0.7,0.4
3029576,Union Square,Dairy,0.7,2
2034488,Union Square,Meat,3.4,1.8
4685577,Lombard Street,Packaged dry food,6,1.5
7042585,Embarcadero,Frozen,1.8,2.4
5094477,Lombard Street,Packaged dry food,5.4,1
8614529,Embarcadero,Seafood,7.2,1.9
2979634,Lombard Street,Meat,2,2.4
2961397,Union Square,Frozen,0.5,0.8
4966484,Embarcadero,Meat,2.7,1.4
7165353,Union Square,Packaged dry food,4.2,1.9
1704972,Lombard Street,Meat,10,0.6
5448852,Lombard Street,Produce,6.5,0.8
6839736,Embarcadero,Meat,2,0.9
5498698,Embarcadero,Seafood,7,1.2
8026011,Lombard Street,Dairy,5.6,0.9
3335222,Embarcadero,Dairy,1.5,2.5
4857591,Lombard Street,Meat,7.3,0.9
5633773,Union Square,Frozen,8.5,2
3449986,Lombard Street,Meat,9.5,2.2
6185090,Union Square,Dairy,0.8,0.9
5380162,Embarcadero,Seafood,1,0.7
2706909,Embarcadero,Meat,0.8,1.3
4777268,Embarcadero,Other,10,0.9
1540319,Union Square,Other,6.5,1
2737354,Embarcadero,Dairy,1.5,1
2240144,Embarcadero,Produce,8.4,1.2
9793607,Lombard Street,Seafood,3.9,1.9
7302583,Union Square,Packaged dry food,5.1,0.5
5371572,Lombard Street,Meat,5.6,1.5
5084116,Union Square,Packaged dry food,3.7,1.6
1370281,Lombard Street,Meat,8.9,2.2
9811163,Embarcadero,Meat,4.3,1.9
9684535,Lombard Street,Produce,8.7,0.4
2541005,Union Square,Dairy,10,0.4
5760112,Lombard Street,Meat,6.4,2.4
7107276,Embarcadero,Produce,8.5,0.5
4997186,Lombard Street,Meat,1.7,1
9702533,Lombard Street,Other,1.2,2.3
5244161,Embarcadero,Packaged dry food,2.6,1.6
8221247,Embarcadero,Meat,3.3,0.8
1742862,Union Square,Seafood,1.6,1.6
8323862,Union Square,Packaged dry food,1.1,2.5
5453483,Lombard Street,Other,6.1,2.2
9617210,Lombard Street,Meat,5.9,2
3129311,Embarcadero,Dairy,4,2.4
3680497,Union Square,Other,4.4,0.8
5446484,Union Square,Packaged dry food,8,2
2027615,Union Square,Produce,8,1.7
9320238,Lombard Street,Meat,8.2,0.5
7546634,Embarcadero,Meat,5.2,1.9
7926990,Union Square,Seafood,6.1,1.5
1122198,Embarcadero,Seafood,8.5,1.3
3215730,Embarcadero,Produce,3.9,1.8
5642476,Lombard Street,Meat,9.6,1.8
2951591,Lombard Street,Meat,3,1.1
4713076,Embarcadero,Meat,4.5,2.4
8603053,Embarcadero,Dairy,3.1,0.6
8840083,Union Square,Dairy,3.9,1.6
3665304,Lombard Street,Seafood,9.1,1.1
5635034,Union Square,Other,9.5,1.5
9693536,Union Square,Meat,1.7,1.5
3137901,Lombard Street,Meat,5.3,0.7
6461875,Union Square,Meat,8.4,0.5
2818248,Union Square,Meat,6.7,2.5
4725480,Union Square,Meat,8,1.6
6659886,Union Square,Frozen,7.9,1
3582131,Embarcadero,Seafood,6.5,1.7
8318882,Union Square,Frozen,1.7,1.8
5592327,Embarcadero,Seafood,2.3,0.4
9604065,Union Square,Meat,7.7,2.1
1875091,Lombard Street,Seafood,0.9,1.7
3693193,Embarcadero,Meat,2.8,0.8
6846383,Lombard Street,Seafood,1.1,1.1
7653832,Embarcadero,Dairy,4.9,2.5
8493471,Union Square,Packaged dry food,5,1.3
7569041,Lombard Street,Meat,9.8,2.3
3163126,Lombard Street,Meat,8.3,0.3
1789146,Union Square,Meat,9.1,0.7
4361620,Union Square,Dairy,2.8,2.4
9543780,Embarcadero,Meat,6.1,2.5
1161286,Embarcadero,Meat,9.7,2.5
8897605,Embarcadero,Meat,7.2,1.9
6333862,Union Square,Seafood,4,1.3
5292788,Union Square,Meat,4.9,0.7
2693777,Embarcadero,Other,1.6,0.4
7132645,Embarcadero,Dairy,2.5,0.6
6801346,Union Square,Dairy,9.4,0.4
7937713,Union Square,Seafood,6.1,1.5
2352278,Embarcadero,Other,5.6,2.5
3542685,Lombard Street,Seafood,4.3,1.9
5856463,Union Square,Seafood,5.3,0.8
8861798,Lombard Street,Seafood,3,1.9
5412153,Union Square,Produce,6.9,0.3
8695226,Embarcadero,Packaged dry food,9.8,0.6
1830365,Lombard Street,Packaged dry food,3.8,1
8131752,Embarcadero,Produce,1.4,0.4
6287988,Embarcadero,Seafood,5.2,1.2
5834985,Lombard Street,Produce,8.9,1.7
5663792,Lombard Street,Meat,3.1,1
4143625,Lombard Street,Meat,0.8,0.4
4382495,Union Square,Dairy,6.5,0.6
7696376,Lombard Street,Meat,9.1,1.9
6596347,Embarcadero,Produce,5.8,2
7589100,Lombard Street,Other,2.2,1.6
3744796,Lombard Street,Produce,5.5,2.1
9304100,Lombard Street,Meat,5.5,0.7
5423316,Lombard Street,Dairy,8.6,0.7
9779005,Lombard Street,Meat,4,1.3
4960385,Union Square,Seafood,6.4,2
2295332,Embarcadero,Packaged dry food,10,2.4
9205564,Union Square,Dairy,4.7,1
9153970,Embarcadero,Packaged dry food,2.8,0.6
8603841,Lombard Street,Frozen,5.6,2.4
8721129,Union Square,Meat,9.3,0.7
9527340,Embarcadero,Seafood,1.7,2.4
8521086,Lombard Street,Frozen,4.3,0.4
8133351,Embarcadero,Packaged dry food,9,1.3
5119247,Lombard Street,Meat,7.9,1.9
5666736,Lombard Street,Seafood,4.2,1.5
9578708,Embarcadero,Frozen,3.1,1.4
4949309,Lombard Street,Dairy,4.8,0.5
3114703,Union Square,Other,8.6,0.3
2378260,Union Square,Seafood,3.7,0.6
8256561,Embarcadero,Meat,3.9,2.3
4941049,Embarcadero,Dairy,7.9,0.6
3741661,Union Square,Frozen,9,1.7
7243977,Lombard Street,Meat,1.1,0.5
1763643,Embarcadero,Meat,4.6,0.8
3679887,Union Square,Other,5.2,1
3117059,Lombard Street,Meat,1.6,0.4
7336623,Lombard Street,Dairy,2.5,1.6
4450874,Union Square,Other,2.4,2
1429807,Embarcadero,Seafood,1.7,1.7
6776376,Embarcadero,Meat,1.6,1.3
8044807,Lombard Street,Meat,1.3,1.7
5626412,Embarcadero,Dairy,1.2,2.2
3316581,Embarcadero,Meat,9.7,2.3
1720798,Union Square,Produce,9,2.3
7749700,Lombard Street,Packaged dry food,0.6,2.3
2711877,Lombard Street,Meat,3.5,1.8
7173040,Lombard Street,Dairy,5.5,1.2
2777544,Embarcadero,Meat,7.6,1.4
5172611,Union Square,Dairy,9.5,1.5
1781304,Lombard Street,Frozen,1.1,0.7
9419443,Lombard Street,Meat,4.7,1.1
7283454,Union Square,Seafood,7.2,2.5
2017968,Lombard Street,Dairy,3.4,2.5
6198018,Embarcadero,Meat,2,2.3
4759340,Union Square,Meat,1.6,0.5
9145172,Embarcadero,Meat,6.4,1
6203884,Embarcadero,Dairy,2.6,1.2
2309735,Lombard Street,Meat,7,1
6706597,Lombard Street,Meat,5,0.7
1538644,Union Square,Meat,7.1,0.4
2033367,Union Square,Other,1.9,1.3
4221675,Lombard Street,Meat,2.4,1
3148962,Union Square,Dairy,5.9,0.9
1109677,Embarcadero,Frozen,4,0.3
8147348,Embarcadero,Seafood,7.3,1
1477936,Lombard Street,Seafood,3,1.9
1703125,Union Square,Seafood,3.4,2.4
3036836,Lombard Street,Meat,3.9,2.1
5160828,Embarcadero,Produce,0.6,1.1
7416972,Lombard Street,Seafood,1.1,1.5
7206049,Lombard Street,Frozen,4.2,1.6
1139953,Embarcadero,Meat,0.6,0.8
6901092,Embarcadero,Seafood,9.8,2.5
7103834,Lombard Street,Other,4.7,1.9
8478682,Embarcadero,Meat,9.8,2
3651231,Union Square,Frozen,8.1,1.5
8699582,Embarcadero,Meat,9.4,0.6
1598856,Union Square,Packaged dry food,4,1.5
3107530,Union Square,Meat,8.3,2
4501773,Embarcadero,Frozen,3.3,2.1
4942582,Embarcadero,Meat,6.1,0.7
1333098,Embarcadero,Meat,7.6,1.4
5050959,Lombard Street,Dairy,9.1,1.5
3588414,Union Square,Seafood,3.7,2.2
5505889,Lombard Street,Seafood,0.8,0.8
5049269,Lombard Street,Dairy,7.8,1.9
5516594,Lombard Street,Meat,1.5,2.2
8693932,Lombard Street,Meat,3.9,0.5
2456564,Lombard Street,Produce,5.8,0.4
9202088,Lombard Street,Seafood,6.6,1.9
9357326,Lombard Street,Seafood,1.9,1.4
2414102,Lombard Street,Produce,5.2,0.3
9220507,Union Square,Packaged dry food,7.3,0.3
7851296,Embarcadero,Meat,1.1,0.4
2579805,Union Square,Meat,4.9,0.4
7739940,Embarcadero,Meat,5.6,2.2
5157776,Lombard Street,Produce,0.9,0.9
5558179,Embarcadero,Packaged dry food,7.7,2.2
1911100,Embarcadero,Meat,6.9,2.3
3446785,Union Square,Meat,9.2,1.3
4099469,Lombard Street,Meat,5.3,0.3
2040020,Lombard Street,Packaged dry food,0.8,1
5835501,Lombard Street,Meat,7.4,1.5
4558750,Embarcadero,Meat,4,2.5
5887171,Lombard Street,Meat,4.9,0.9
9339707,Union Square,Produce,7,1.5
7376131,Embarcadero,Meat,2.2,1.2
8326542,Union Square,Frozen,5,2
3548033,Lombard Street,Frozen,2.2,1.6
4782265,Embarcadero,Dairy,7.8,1.9
4394430,Union Square,Dairy,4.4,2.2
8781139,Lombard Street,Meat,3.5,1.4
8698412,Union Square,Seafood,1.3,2.1
2513213,Union Square,Produce,5.7,0.4
6789293,Union Square,Meat,2.9,0.5
6726201,Embarcadero,Seafood,10,1.5
8720422,Embarcadero,Produce,9.2,1.4
1742969,Embarcadero,Meat,6.7,0.4
6169780,Union Square,Meat,2.3,2.2
6231990,Union Square,Dairy,2.8,0.7
5730195,Lombard Street,Meat,6.7,2
3534093,Union Square,Meat,1.2,2.2
4037513,Union Square,Meat,9,2.4
8539321,Union Square,Meat,3.2,2
4324820,Embarcadero,Dairy,8.3,2
8616393,Union Square,Frozen,4,1.4
7589867,Lombard Street,Meat,5.1,1.4
8861123,Union Square,Packaged dry food,4.3,2.4
6190678,Lombard Street,Dairy,4.6,2.5
9451126,Embarcadero,Packaged dry food,7.1,0.3
7205789,Embarcadero,Meat,0.8,0.6
6279220,Union Square,Meat,3,2.4
7937403,Lombard Street,Meat,2.1,2.5
6404429,Embarcadero,Meat,4.6,0.9
3897086,Union Square,Dairy,3.9,2.5
8729810,Lombard Street,Dairy,1.5,2.5
8072698,Union Square,Seafood,10,1.7
1215079,Lombard Street,Meat,8.2,0.4
3778413,Union Square,Meat,4,1.6
6682997,Embarcadero,Meat,3.1,2.5
9516551,Lombard Street,Meat,5.1,1.7
8991412,Lombard Street,Seafood,2,1.9
4289353,Embarcadero,Seafood,7.1,0.4
3692679,Embarcadero,Frozen,9.8,2
5370487,Embarcadero,Dairy,7.5,1.9
1430027,Union Square,Dairy,8.9,0.8
7734896,Embarcadero,Frozen,1.3,0.5
3276074,Embarcadero,Dairy,7.3,1.9
4745139,Lombard Street,Meat,8.6,0.9
9953458,Union Square,Dairy,6.4,0.3
2559227,Embarcadero,Other,1,1.6
9059425,Union Square,Seafood,10,1.3
4518074,Embarcadero,Meat,0.7,1.3
9205662,Embarcadero,Dairy,8.5,2.4
2791052,Lombard Street,Meat,1.3,0.9
8407919,Embarcadero,Meat,6,1.6
3456954,Union Square,Seafood,2.3,0.8
8750604,Embarcadero,Meat,4.7,1.6
6225749,Embarcadero,Dairy,7.6,2.4
7920578,Embarcadero,Dairy,2.3,0.6
2056276,Embarcadero,Seafood,7.2,2
7673666,Embarcadero,Dairy,2.7,1
4939232,Union Square,Meat,2.7,1.5
6015069,Embarcadero,Produce,1.1,0.3
5750294,Embarcadero,Dairy,3.1,0.6
1378443,Union Square,Dairy,9.6,1.2
1675710,Union Square,Meat,7.7,1.6
5406477,Union Square,Meat,4.1,1
1636744,Lombard Street,Produce,7.5,2.2
2925109,Union Square,Packaged dry food,2.1,0.6
1933618,Lombard Street,Meat,6.6,1.1
4054246,Embarcadero,Other,4,1.8
4235445,Embarcadero,Meat,7.7,2.5
5236895,Union Square,Seafood,9.8,2.2
8152103,Embarcadero,Meat,2.6,0.5
2672028,Lombard Street,Packaged dry food,8.4,0.3
5252818,Embarcadero,Meat,6.7,0.8
2448733,Union Square,Dairy,1.8,1.8
7963061,Union Square,Meat,9.2,1.7
4364811,Union Square,Seafood,9.6,1.4
7733456,Lombard Street,Packaged dry food,2.8,2.2
2359086,Union Square,Seafood,4.9,2.5
1818446,Embarcadero,Other,7,1
6455693,Lombard Street,Meat,3.4,2.2
3204452,Embarcadero,Meat,2,1
9225483,Embarcadero,Dairy,2,1
7882465,Embarcadero,Meat,3.2,0.8
9117426,Union Square,Seafood,8.8,2.5
9428574,Union Square,Seafood,5.2,0.3
6199362,Union Square,Meat,3.5,0.7
7572479,Lombard Street,Dairy,7.2,2.4
1698232,Union Square,Packaged dry food,7.3,2.2
1299993,Union Square,Dairy,7.5,0.6
3875310,Union Square,Produce,6.4,1.8
4541574,Embarcadero,Meat,5,1.9
1248642,Lombard Street,Meat,7,0.3
1302920,Lombard Street,Dairy,8.7,1.6
5368039,Embarcadero,Meat,2.8,0.6
7677223,Embarcadero,Meat,5.8,1.9
4295575,Lombard Street,Frozen,1.9,2.2
7641078,Lombard Street,Meat,6,1.5
1788141,Lombard Street,Seafood,3.5,2.4
3550413,Union Square,Seafood,5,0.6
9219971,Embarcadero,Frozen,3.7,2.3
3446374,Union Square,Meat,7.5,1.9
1459301,Lombard Street,Packaged dry food,6.8,2.1
7250739,Lombard Street,Meat,2.8,1.6
7362005,Embarcadero,Other,2.5,2
5020800,Union Square,Meat,6.7,1.1
7710893,Lombard Street,Produce,5.4,1.5
5595758,Lombard Street,Dairy,8.9,2.4
6331770,Union Square,Dairy,3.1,1.2
6608573,Lombard Street,Meat,8.3,0.8
5262324,Lombard Street,Meat,4.6,2.1
9601073,Embarcadero,Meat,8.5,0.4
6294586,Lombard Street,Meat,5.2,0.4
5181726,Lombard Street,Other,7.5,2.5
5989127,Embarcadero,Seafood,2.2,1.1
4303789,Lombard Street,Seafood,4.4,1.2
3861545,Embarcadero,Meat,5.1,1.3
4868219,Union Square,Dairy,8.6,2.3
3160003,Embarcadero,Dairy,3.4,1.2
4769989,Embarcadero,Meat,9.5,1.8
4189848,Union Square,Meat,9.6,0.8
5531103,Union Square,Dairy,4.8,1
3460637,Union Square,Dairy,1.6,1.7
1377460,Union Square,Meat,3.3,0.9
5850878,Lombard Street,Other,8.3,0.4
3706935,Union Square,Other,4.3,2.1
8047114,Embarcadero,Produce,4.7,0.7
5447176,Lombard Street,Meat,7.5,1.1
9458450,Union Square,Seafood,3.9,2.1
5287492,Lombard Street,Other,7.4,1
6695210,Union Square,Meat,9.4,1
8855522,Lombard Street,Other,3.6,2.4
5409252,Lombard Street,Other,2.2,1.7
7454942,Embarcadero,Seafood,3.6,0.5
5884591,Embarcadero,Other,3.9,1.5
4014834,Lombard Street,Meat,9.9,2
8098960,Embarcadero,Dairy,9.3,2
9007813,Union Square,Produce,2,2.2
7127862,Union Square,Dairy,4.8,1.3
6561660,Lombard Street,Other,1.4,2.1
9335066,Lombard Street,Meat,4.4,0.4
3371155,Embarcadero,Meat,8.7,1.3
7853248,Lombard Street,Dairy,6.5,1.3
2044361,Embarcadero,Dairy,9.8,0.6
8245690,Union Square,Seafood,9.8,2.5
3371521,Embarcadero,Other,2.8,2.3
8060176,Lombard Street,Seafood,6.1,0.6
5691145,Lombard Street,Meat,2.6,0.5
1499241,Lombard Street,Meat,7.4,2.2
8310398,Embarcadero,Meat,5.1,1.4
4498396,Lombard Street,Dairy,2,0.5
3964631,Lombard Street,Dairy,6.3,1.4
6301901,Embarcadero,Other,3.5,1.3
3073344,Embarcadero,Meat,0.5,1
2685820,Union Square,Packaged dry food,6.7,1.3
7093050,Embarcadero,Produce,7.1,1.9
1350470,Lombard Street,Meat,9.5,2.4
3484563,Union Square,Packaged dry food,8.1,2.1
4716258,Union Square,Dairy,6.7,1
5919915,Lombard Street,Dairy,3.1,1.5
4363861,Union Square,Seafood,5.9,0.4
1904103,Lombard Street,Meat,2.7,2.5
1736118,Union Square,Produce,2.9,1.1
5492308,Lombard Street,Produce,2.1,0.8
2377101,Embarcadero,Packaged dry food,3.6,1.7
4631094,Embarcadero,Seafood,1.7,2.3
4848325,Lombard Street,Meat,0.5,1.5
5391847,Lombard Street,Produce,9.9,1.6
6895568,Embarcadero,Frozen,8.7,2.2
5845965,Lombard Street,Meat,5.8,1.5
3863279,Union Square,Frozen,3.8,1.9
8989590,Embarcadero,Dairy,5.5,1.9
1081045,Union Square,Other,1.5,1
6964643,Lombard Street,Seafood,5.7,2.2
9665222,Embarcadero,Produce,5.6,1.7
4530603,Lombard Street,Produce,1.3,0.5
2192504,Embarcadero,Packaged dry food,1.1,1.9
8889787,Lombard Street,Dairy,4.4,0.5
3383985,Lombard Street,Meat,5.9,2.5
6637570,Union Square,Meat,6.9,1.1
6425735,Embarcadero,Seafood,3.9,2.4
5538034,Lombard Street,Seafood,8.3,0.9
9427216,Embarcadero,Frozen,9.1,0.9
3013150,Embarcadero,Seafood,1.9,0.9
8634404,Embarcadero,Packaged dry food,5.6,0.6
2413403,Embarcadero,Other,2.2,2.5
1187854,Embarcadero,Other,7,0.8
9212171,Embarcadero,Dairy,4.4,2.5
6171583,Lombard Street,Other,3,1.2
4593516,Lombard Street,Dairy,4.8,2.1
8901197,Lombard Street,Seafood,0.5,0.4
6342931,Lombard Street,Seafood,9.3,2.3
3627839,Union Square,Other,9.6,2
5649499,Lombard Street,Meat,8.5,1.1
1773169,Embarcadero,Produce,2.9,0.6
6710707,Lombard Street,Meat,7.5,2.3
7498090,Embarcadero,Packaged dry food,9.3,1.3
5411574,Embarcadero,Meat,9,1.8
9676303,Union Square,Meat,7.4,1.7
8812466,Embarcadero,Produce,3.4,0.6
4714790,Lombard Street,Meat,4.5,1.6
8343039,Embarcadero,Meat,4.7,0.5
1502400,Union Square,Seafood,3.5,1.4
8253951,Union Square,Meat,8.5,1.7
2083576,Embarcadero,Dairy,6,2
4030942,Embarcadero,Dairy,4,1
1886163,Lombard Street,Dairy,2.8,2.3
6073990,Lombard Street,Seafood,1.6,2
3344401,Union Square,Meat,5.1,0.5
8822106,Embarcadero,Meat,6.1,2.1
5735060,Union Square,Packaged dry food,1.8,1.6
7777887,Lombard Street,Produce,4.3,1.9
9851397,Union Square,Meat,5.6,1.1
5629754,Embarcadero,Meat,3.5,0.7
5454823,Lombard Street,Seafood,5.6,1.8
7319006,Lombard Street,Packaged dry food,8.1,0.9
1319952,Lombard Street,Dairy,2.7,0.3
7244178,Embarcadero,Meat,3.9,1.1
5097721,Lombard Street,Seafood,4.1,1.8
1045184,Lombard Street,Packaged dry food,8.6,1.7
2492677,Union Square,Packaged dry food,9.8,1.1
2576176,Lombard Street,Seafood,1.6,2.2
6713640,Union Square,Seafood,8.6,0.7
1104065,Union Square,Meat,5.8,1.8
7724054,Embarcadero,Dairy,9.9,0.8
6800784,Lombard Street,Seafood,7,1.1
2579348,Embarcadero,Dairy,5.9,0.9
8575088,Lombard Street,Packaged dry food,9.6,2.5
9985472,Union Square,Dairy,4.2,1
4642626,Embarcadero,Dairy,1.3,2.3
2300044,Lombard Street,Seafood,7.9,2.2
7501237,Embarcadero,Other,10,1.9
7586665,Union Square,Produce,4.8,2
8575309,Lombard Street,Produce,10,2.5
7901961,Lombard Street,Meat,7.1,2
1834367,Union Square,Dairy,2,1.8
1685653,Lombard Street,Seafood,4.9,2.3
4860914,Union Square,Seafood,9.7,1.9
2318207,Lombard Street,Produce,6.8,2.3
8516283,Lombard Street,Seafood,2.7,1.7
9276814,Lombard Street,Dairy,8.1,2.4
8671213,Union Square,Dairy,2.3,0.9
7662860,Embarcadero,Seafood,3.8,0.4
5027077,Union Square,Seafood,4.1,1.5
3645847,Lombard Street,Meat,3.2,1.9
5301505,Union Square,Meat,8.6,2.4
2770838,Embarcadero,Dairy,4.3,0.9
2263057,Lombard Street,Frozen,2.1,1
9678756,Lombard Street,Meat,6.6,1.5
3016926,Lombard Street,Seafood,2.2,2.5
8378330,Union Square,Meat,6.9,0.4
8517637,Lombard Street,Frozen,3,2.4
6848445,Embarcadero,Meat,8.8,0.3
5112327,Lombard Street,Seafood,3.3,1.1
7372892,Union Square,Other,6.5,1.5
8629215,Lombard Street,Meat,3.6,0.8
9830802,Embarcadero,Meat,5.2,1.2
4312618,Lombard Street,Seafood,1.4,2.4
3069860,Union Square,Packaged dry food,1.3,1
2913515,Lombard Street,Other,5.8,2.3
5239917,Lombard Street,Meat,3,0.6
8874787,Embarcadero,Meat,3.9,0.8
4526889,Embarcadero,Seafood,0.7,1
6036162,Union Square,Seafood,3.5,0.3
6133570,Embarcadero,Meat,1.2,0.4
2881595,Union Square,Meat,6.6,1.3
9447654,Embarcadero,Other,2.7,1.5
9867311,Union Square,Seafood,8.4,0.9
7541267,Embarcadero,Packaged dry food,2,2.2
8675855,Lombard Street,Frozen,4.3,0.8
2587974,Embarcadero,Frozen,7.1,1.1
3943739,Embarcadero,Frozen,2.3,0.5
1210545,Union Square,Seafood,4,1.9
8805860,Embarcadero,Packaged dry food,5.6,0.7
9928639,Union Square,Other,5.8,1.5
1827359,Embarcadero,Meat,1.1,0.4
8824382,Embarcadero,Meat,0.7,2.2
2829353,Union Square,Meat,6.5,2.2
4123788,Lombard Street,Packaged dry food,9,0.6
4399980,Embarcadero,Frozen,8.4,2
8114233,Lombard Street,Meat,3.2,0.9
8043623,Embarcadero,Packaged dry food,5.6,0.3
7533161,Lombard Street,Produce,9.6,0.3
7720444,Lombard Street,Other,2.3,1.8
6109904,Embarcadero,Dairy,1.3,2.5
8912360,Embarcadero,Meat,8.5,0.4
8968665,Union Square,Packaged dry food,7.7,1.1
6457239,Lombard Street,Other,5.5,0.3
1619374,Union Square,Dairy,7.7,0.8
7398191,Lombard Street,Seafood,3.7,2.4
7128978,Embarcadero,Other,1.5,1.8
2263324,Lombard Street,Dairy,4.3,1.9
4021799,Union Square,Seafood,2.9,2.1
7133179,Lombard Street,Other,3,2.4
3189132,Lombard Street,Meat,4.1,1.9
5869519,Embarcadero,Meat,5.8,0.8
9926166,Union Square,Packaged dry food,4,1.1
2561037,Lombard Street,Produce,2.5,0.4
2709596,Lombard Street,Frozen,3.2,0.7
5978214,Lombard Street,Meat,9.7,1.4
6142178,Lombard Street,Frozen,2.2,0.8
1873661,Lombard Street,Meat,9.9,1.2
7792762,Union Square,Meat,2.3,2.2
9347393,Lombard Street,Meat,3,1
7317302,Union Square,Meat,5.4,0.5
2700809,Lombard Street,Packaged dry food,4,1.9
2435128,Embarcadero,Meat,3.2,1
6482124,Union Square,Dairy,9.9,1.8
2001139,Union Square,Dairy,9,1.3
4561309,Embarcadero,Other,1.9,1
6860716,Lombard Street,Seafood,2.8,0.4
9076709,Embarcadero,Frozen,3,1.3
5787899,Lombard Street,Meat,8.8,1.6
7751496,Union Square,Meat,5.4,1.2
4264908,Embarcadero,Seafood,4.3,1.6
8213481,Embarcadero,Seafood,8.3,1.8
2194621,Union Square,Meat,9.9,1.2
5722381,Lombard Street,Seafood,0.9,2.2
4596881,Union Square,Meat,4.7,0.8
8816449,Union Square,Seafood,8.8,2.5
5279441,Embarcadero,Frozen,2.5,0.7
5407424,Lombard Street,Produce,9.3,1.6
7019560,Union Square,Packaged dry food,6,0.4
9720650,Union Square,Other,7,1.2
9385506,Embarcadero,Other,5.4,1.5
8531386,Embarcadero,Meat,2.9,1.6
3936191,Lombard Street,Meat,5,2.3
3663882,Embarcadero,Dairy,8.7,1.6
1838885,Union Square,Dairy,2.7,0.9
8006268,Union Square,Seafood,2,0.9
2392406,Embarcadero,Dairy,3.9,1
6832720,Lombard Street,Dairy,5.4,1.1
8424117,Lombard Street,Dairy,0.9,1.8
2597691,Union Square,Seafood,8,2.5
1864011,Embarcadero,Frozen,8.6,1
9502595,Union Square,Dairy,5.3,0.5
2882883,Lombard Street,Seafood,6.7,1.2
3227081,Embarcadero,Meat,4.2,2.5
1095975,Embarcadero,Meat,10,1.5
6446327,Union Square,Dairy,9.3,2.4
4157574,Embarcadero,Packaged dry food,6.8,1.3
6440772,Lombard Street,Produce,9.7,0.3
4086828,Union Square,Produce,8.5,1.3
9923419,Union Square,Packaged dry food,2.6,2.3
4933733,Embarcadero,Produce,6.8,1.3
6754159,Union Square,Packaged dry food,3.1,1.9
3239687,Union Square,Meat,2.8,0.8
7312930,Lombard Street,Seafood,7.8,1.9
9942720,Union Square,Packaged dry food,3.8,1.3
5477100,Lombard Street,Meat,7.8,2.5
1069922,Embarcadero,Seafood,2.6,0.6
7588987,Embarcadero,Meat,8.8,2.5
3162257,Union Square,Frozen,3.2,1.6
5184380,Union Square,Meat,4.3,2.2
1174585,Embarcadero,Frozen,2.5,1.5
9800878,Embarcadero,Meat,4,1.2
1207028,Lombard Street,Produce,5.4,1.8
3954740,Union Square,Meat,6.2,1.4
8365451,Embarcadero,Seafood,2.7,1.6
4887914,Union Square,Meat,3.9,0.5
1683418,Lombard Street,Dairy,4.5,1.9
7837347,Union Square,Meat,8.5,1.2
6760111,Embarcadero,Seafood,3,2.1
3429575,Lombard Street,Dairy,2.1,1
2107324,Embarcadero,Meat,7.3,1.4
7659041,Union Square,Seafood,4.7,0.7
2249922,Lombard Street,Produce,5.6,0.4
2046919,Embarcadero,Other,1.8,2.4
6724396,Embarcadero,Meat,8.1,0.5
7895732,Embarcadero,Other,3.4,0.8
1011795,Lombard Street,Seafood,3.3,1
8036242,Lombard Street,Dairy,0.6,1.9
4166382,Lombard Street,Packaged dry food,5.7,0.4
7427153,Embarcadero,Meat,9.8,1.1
8446219,Embarcadero,Dairy,8.1,2.1
4291929,Embarcadero,Meat,8.8,2.1
2006461,Embarcadero,Dairy,5.8,0.9
4913175,Lombard Street,Dairy,5.5,2.1
8858658,Union Square,Meat,4.5,0.4
4091284,Embarcadero,Seafood,6,0.9
9295257,Union Square,Dairy,8.1,2.3
3133695,Lombard Street,Frozen,7.6,1.9
7345973,Lombard Street,Other,2.2,2.3
4890274,Lombard Street,Dairy,2.3,1.3
9824600,Embarcadero,Frozen,0.6,0.5
9707980,Embarcadero,Other,8.9,1.8
5576433,Embarcadero,Dairy,1.6,2.1
3321391,Lombard Street,Meat,2.5,2.3
1548985,Union Square,Other,6,1.3
1758494,Lombard Street,Seafood,8.3,1.5
6948083,Embarcadero,Frozen,4.2,0.7
1369623,Lombard Street,Seafood,6.9,0.7
4543142,Union Square,Other,9.7,1.1
5053924,Lombard Street,Meat,3.7,1.1
8227332,Embarcadero,Meat,8.4,1.5
2158296,Lombard Street,Dairy,3.5,2.1
6673338,Lombard Street,Dairy,9.5,2.3
2053999,Lombard Street,Dairy,4.6,1.9
1082252,Union Square,Meat,8.1,2.3
2792694,Union Square,Meat,1.6,1.6
7247718,Lombard Street,Seafood,4,1.9
1195802,Union Square,Frozen,3.2,2.3
2160083,Lombard Street,Dairy,7.8,1.3
2667079,Union Square,Dairy,1.9,1.9
4151286,Embarcadero,Dairy,6,2.3
7654092,Lombard Street,Meat,7.6,2
1622419,Embarcadero,Dairy,4.4,1.6
8711231,Lombard Street,Frozen,9.8,2.1
1833026,Embarcadero,Frozen,7.9,0.3
5152886,Embarcadero,Packaged dry food,8.1,1.9
5803895,Union Square,Meat,3.8,2.3
4639401,Embarcadero,Other,3.5,2.3
2289897,Lombard Street,Seafood,1.6,0.9
5426151,Embarcadero,Dairy,6.1,0.3
3429404,Lombard Street,Meat,9.9,0.7
8307514,Union Square,Packaged dry food,7,2.2
2216435,Union Square,Frozen,10,0.7
9805747,Embarcadero,Seafood,0.5,0.5
6974467,Lombard Street,Produce,6.7,2.3
7095184,Embarcadero,Packaged dry food,2.2,0.3
6143478,Union Square,Seafood,5.2,0.6
4597888,Union Square,Seafood,9.4,1.1
3240572,Lombard Street,Produce,8,1
4646473,Lombard Street,Frozen,1.9,1.2
8005528,Lombard Street,Frozen,7.2,1.9
2938605,Embarcadero,Meat,8.9,1.9
9594496,Union Square,Seafood,4,1.8
1631566,Union Square,Seafood,3.2,2.5
8061435,Lombard Street,Meat,0.9,2
4108147,Lombard Street,Seafood,2.3,2
8885629,Union Square,Seafood,5.3,0.3
5468915,Lombard Street,Other,6.3,2.5
6729179,Lombard Street,Other,9.4,1.6
9705225,Lombard Street,Seafood,6.2,1.6
5630481,Lombard Street,Meat,3.8,1.7
1934666,Union Square,Other,3.7,2.4
5133935,Union Square,Dairy,9.9,0.4
9155073,Embarcadero,Packaged dry food,9.1,0.6
5749069,Lombard Street,Produce,3.6,1.7
5174004,Lombard Street,Dairy,1.2,2
8472033,Union Square,Packaged dry food,3.5,2
8067910,Embarcadero,Frozen,1.4,1.3
6576291,Embarcadero,Produce,6.5,0.9
1531311,Union Square,Packaged dry food,5.1,1.7
6433622,Lombard Street,Meat,8.5,1.7
9454134,Union Square,Meat,6.5,1.7
5255930,Embarcadero,Packaged dry food,8.3,2
9733178,Lombard Street,Dairy,8.7,2.3
6004828,Lombard Street,Packaged dry food,1.2,0.9
1182239,Embarcadero,Seafood,8.7,2.1
2392378,Embarcadero,Meat,9.4,2.3
8976588,Embarcadero,Meat,4.9,1.9
4773115,Lombard Street,Frozen,2.7,2.3
6080109,Lombard Street,Meat,9.7,2.5
1884219,Lombard Street,Meat,8.1,0.5
1523063,Lombard Street,Meat,4.9,1.2
3019327,Union Square,Dairy,5.3,1
2806255,Union Square,Meat,9,2.5
9212894,Embarcadero,Meat,3.2,1.9
2379595,Embarcadero,Other,3.6,2.2
1522004,Embarcadero,Meat,4.3,1
8955570,Union Square,Dairy,4.9,1.8
7437506,Embarcadero,Meat,2.6,1.2
7420715,Embarcadero,Meat,5,0.5
4971802,Embarcadero,Dairy,1.7,2.5
6207468,Union Square,Meat,2.9,0.8
9073997,Embarcadero,Dairy,4,1.5
1332094,Embarcadero,Frozen,2,1.6
4640841,Union Square,Seafood,10,0.6
9551932,Union Square,Dairy,2.1,1.4
2704238,Embarcadero,Other,4.2,0.9
7020148,Embarcadero,Seafood,0.6,0.7
9571763,Embarcadero,Meat,4.1,2.4
9993915,Embarcadero,Meat,6.2,1.5
8932782,Embarcadero,Dairy,4.2,2.3
6689810,Union Square,Seafood,3.8,2.4
6521931,Union Square,Seafood,8.2,2.1
6223881,Embarcadero,Dairy,6.8,0.6
2298165,Lombard Street,Frozen,4.2,1.6
1214582,Lombard Street,Meat,4.7,0.4
4143738,Union Square,Meat,1.5,1.1
4010795,Embarcadero,Other,5.9,2.4
8930611,Lombard Street,Frozen,10,1.7
7493325,Union Square,Dairy,8.5,1.8
2181394,Union Square,Dairy,8.8,0.6
5257446,Lombard Street,Dairy,1,0.4
6019885,Union Square,Dairy,2.4,0.6
7221677,Lombard Street,Produce,9.4,1.9
2394454,Union Square,Meat,8.7,0.4
1600605,Union Square,Seafood,4.4,1
3387028,Embarcadero,Dairy,9.7,1.7
2420835,Union Square,Meat,2.9,0.9
8489037,Lombard Street,Seafood,4.9,0.6
8820142,Embarcadero,Produce,6.8,1.7
7470024,Lombard Street,Meat,5.2,0.8
6160384,Union Square,Produce,7.7,2
5652604,Union Square,Seafood,5.4,0.9
3145710,Union Square,Meat,3.6,2
2193406,Union Square,Meat,4.4,2.5
3211633,Embarcadero,Meat,7.1,1.5
2409027,Union Square,Dairy,4.7,0.3
7088492,Union Square,Produce,6,0.5
3730439,Embarcadero,Other,5.4,1.2
1116736,Union Square,Meat,5,0.8
9930613,Embarcadero,Packaged dry food,3.2,0.9
7808110,Lombard Street,Dairy,8.7,2.4
1947465,Union Square,Frozen,9.3,2.4
6449662,Union Square,Frozen,0.9,1.3
8132373,Lombard Street,Frozen,9.1,2.2
7079205,Embarcadero,Meat,2.9,2.2
1429881,Union Square,Packaged dry food,0.8,0.7
6215358,Embarcadero,Dairy,4.8,2.2
6452555,Embarcadero,Meat,5.4,1.9
2198284,Lombard Street,Seafood,1.8,1.9
1345703,Embarcadero,Meat,1.7,0.5
9914033,Union Square,Other,9.2,0.3
7614774,Embarcadero,Meat,4.2,2.3
6387266,Union Square,Frozen,3,1.9
7059747,Embarcadero,Packaged dry food,7.4,2.1
7998872,Lombard Street,Packaged dry food,9.9,0.3
2359516,Embarcadero,Meat,2.8,0.6
8685611,Embarcadero,Packaged dry food,6.3,1.7
2433450,Union Square,Meat,4.3,2.1
8655530,Lombard Street,Produce,5.5,1.1
9433456,Embarcadero,Meat,2.9,1.7
6028511,Embarcadero,Dairy,5.4,1.3
5639467,Embarcadero,Meat,8.2,0.7
1212377,Union Square,Dairy,8.6,1
8048293,Lombard Street,Seafood,1.6,2.3
3019257,Embarcadero,Frozen,5.1,0.4
1912809,Union Square,Frozen,3.2,2.3
8601781,Embarcadero,Seafood,3.8,1.8
9404382,Embarcadero,Meat,9,0.4
7210443,Union Square,Dairy,7.2,0.9
1904584,Lombard Street,Meat,3.3,2
7465127,Lombard Street,Frozen,7.4,0.7
1267110,Union Square,Seafood,6.4,1.7
3052328,Lombard Street,Produce,7.5,1
2560314,Lombard Street,Meat,7.5,1.8
9552693,Union Square,Packaged dry food,8.6,2.4
4796844,Union Square,Seafood,4.8,2
1230231,Embarcadero,Meat,0.5,2.4
4564073,Embarcadero,Meat,6.7,1.2
2308512,Union Square,Other,5.7,2.5
3704327,Union Square,Meat,6.9,1.8
5899188,Lombard Street,Other,10,1
6372739,Lombard Street,Meat,0.7,1.2
3007338,Union Square,Other,2.2,0.5
8704014,Embarcadero,Dairy,1.5,0.9
5645970,Union Square,Other,1.3,1
6766736,Lombard Street,Meat,9.1,0.5
1264742,Lombard Street,Dairy,8.7,1.5
9606359,Union Square,Seafood,1.2,0.8
3970243,Lombard Street,Frozen,4.8,1.8
2050934,Lombard Street,Meat,4.5,2
4729062,Union Square,Meat,8.3,0.4
1782829,Embarcadero,Produce,3.9,2.2
7441964,Lombard Street,Dairy,7.5,1.2
5231580,Embarcadero,Meat,1.1,0.8
2772038,Lombard Street,Seafood,1.9,0.7
7168872,Embarcadero,Dairy,6.8,2.4
8607927,Embarcadero,Produce,4.5,1.5
5830643,Embarcadero,Meat,3.6,0.4
2313751,Embarcadero,Dairy,1.3,1
8534696,Lombard Street,Seafood,3.3,1.4
3490838,Union Square,Dairy,9.3,0.4
4435423,Lombard Street,Dairy,3.5,1.9
3499536,Lombard Street,Meat,5.6,2.4
4606076,Embarcadero,Seafood,6.7,1.8
4740558,Union Square,Frozen,3.9,0.7
1876463,Lombard Street,Meat,3.4,2.2
2821295,Embarcadero,Meat,7.1,0.6
4473013,Embarcadero,Meat,6.1,0.7
1378351,Lombard Street,Packaged dry food,6.2,1
1521872,Embarcadero,Meat,5.6,0.7
3871670,Lombard Street,Seafood,0.5,1.1
4341036,Embarcadero,Meat,9.7,1.1
9156350,Embarcadero,Seafood,4.9,1.8
8505025,Lombard Street,Produce,8.8,1.9
8092924,Lombard Street,Other,7.3,2.5
6030872,Union Square,Meat,5.1,2
4887309,Embarcadero,Meat,9.3,2.4
7973007,Union Square,Produce,3.8,1.2
8676511,Embarcadero,Seafood,1.9,0.9
6350137,Lombard Street,Other,9.1,0.7
3027011,Embarcadero,Produce,3.7,1.5
5758278,Union Square,Seafood,4.9,2.3
4850705,Embarcadero,Meat,4.6,1.3
1085888,Union Square,Seafood,4.1,0.5
5350140,Embarcadero,Seafood,7.7,2.1
5787565,Union Square,Meat,8,0.3
7942596,Union Square,Seafood,7.6,0.3
6559212,Embarcadero,Meat,4.3,1.6
7789514,Union Square,Meat,6.6,0.9
6020794,Embarcadero,Dairy,1.1,0.3
7207733,Embarcadero,Produce,1.9,2.2
3168629,Union Square,Meat,3.3,0.5
1584338,Union Square,Seafood,1.7,0.6
8253628,Union Square,Meat,5.6,0.9
2361414,Union Square,Meat,5.6,0.8
1329699,Union Square,Packaged dry food,9,1.3
9448966,Embarcadero,Seafood,4.6,1.9
4122692,Lombard Street,Packaged dry food,3.3,1.7
8079043,Union Square,Meat,7.3,2.5
9540358,Union Square,Dairy,2.4,1.5
3454498,Embarcadero,Meat,8.4,1.5
8449960,Embarcadero,Seafood,7.2,0.9
2076745,Lombard Street,Meat,1.7,2.1
9132649,Embarcadero,Seafood,1.9,0.6
9258577,Lombard Street,Dairy,3.7,0.7
6968062,Embarcadero,Other,1.4,0.8
2149724,Lombard Street,Other,4.7,0.5
5281628,Lombard Street,Meat,3.9,1.3
2576294,Lombard Street,Produce,9.7,1.5
9579083,Union Square,Packaged dry food,9.3,1.8
5370714,Embarcadero,Other,0.8,1.5
5679590,Embarcadero,Meat,8.5,2.1
5438827,Lombard Street,Seafood,7.4,2
4038818,Lombard Street,Meat,8.7,1.3
1209727,Embarcadero,Meat,6.7,1.4
8381562,Embarcadero,Seafood,2.5,1.3
5903429,Lombard Street,Dairy,6.7,2.5
1262473,Embarcadero,Seafood,5.2,1.4
7207183,Union Square,Seafood,9.5,1.2
9292052,Embarcadero,Packaged dry food,4.9,2.2
9140968,Embarcadero,Frozen,1.8,0.4
2688516,Lombard Street,Frozen,2.3,1.4
2694159,Union Square,Seafood,4.9,0.3
3887384,Lombard Street,Frozen,1,1.5
1618100,Embarcadero,Meat,2.2,0.3
8453965,Union Square,Seafood,3.3,1.7
1960559,Union Square,Seafood,2.6,1.3
8969051,Embarcadero,Meat,0.8,2.3
3905041,Union Square,Meat,5.9,1.2
8661807,Union Square,Meat,5.2,1.2
6929678,Lombard Street,Frozen,2.4,1.4
7963522,Embarcadero,Dairy,9.9,2.5
3230975,Lombard Street,Seafood,5.3,2.1
7035758,Embarcadero,Seafood,0.8,1.9
5065546,Lombard Street,Meat,5,0.9
8920996,Embarcadero,Packaged dry food,4.5,0.5
5141940,Union Square,Frozen,6.7,1.3
7173154,Union Square,Seafood,1.8,0.3
4909662,Lombard Street,Dairy,4.3,1.1
9998364,Union Square,Meat,4.1,0.4
9417994,Union Square,Dairy,9.7,0.7
5773711,Embarcadero,Meat,2.9,2.4
8256489,Embarcadero,Packaged dry food,6.9,1.2
4069478,Lombard Street,Packaged dry food,2.4,0.3
7635950,Lombard Street,Dairy,5.5,2.5
6507840,Embarcadero,Meat,8.5,1.3
2059067,Lombard Street,Produce,6.2,1.9
7464939,Lombard Street,Seafood,6.4,0.3
2503467,Embarcadero,Meat,8.8,0.7
5613188,Embarcadero,Packaged dry food,6.7,2.5
8436288,Union Square,Dairy,8.8,0.8
8397805,Union Square,Dairy,4,1.2
5440599,Lombard Street,Meat,7,2.5
8918954,Union Square,Packaged dry food,4.9,2.1
9508905,Lombard Street,Meat,1.3,2
3329518,Lombard Street,Seafood,9.7,1.5
6191998,Embarcadero,Produce,9.6,0.3
7088184,Lombard Street,Dairy,4.9,0.8
5775324,Lombard Street,Meat,1.3,2
7400442,Union Square,Packaged dry food,1.6,1.4
7998839,Embarcadero,Frozen,5.9,1.2
9172130,Embarcadero,Meat,9.1,2.1
8203740,Embarcadero,Other,6.6,2.5
2219233,Lombard Street,Seafood,7.4,0.6
4613097,Lombard Street,Meat,6.2,1.2
4995108,Lombard Street,Produce,3,0.4
3445730,Union Square,Frozen,5.7,1.5
5949686,Embarcadero,Meat,9.4,2.5
5517890,Union Square,Produce,6.1,0.9
9414873,Embarcadero,Packaged dry food,2,1.1
8579883,Union Square,Meat,2.4,1.7
1562771,Lombard Street,Packaged dry food,5.6,2.1
3044015,Lombard Street,Meat,9,0.6
2036484,Lombard Street,Other,9.6,0.5
8654079,Union Square,Other,2.8,2.5
4776228,Embarcadero,Seafood,8.6,0.4
3794381,Union Square,Dairy,4.5,1.3
6639551,Embarcadero,Dairy,8.7,0.8
7150126,Embarcadero,Dairy,6,0.5
1540864,Lombard Street,Packaged dry food,5,2.3
2497423,Union Square,Meat,9.3,2.2
4494433,Embarcadero,Dairy,6.1,1.9
2773839,Embarcadero,Produce,6.1,1.4
1147257,Embarcadero,Meat,4.8,0.5
8970651,Lombard Street,Seafood,3.2,1.3
9387539,Union Square,Meat,9.8,0.8
5601460,Union Square,Meat,9.3,1.1
3956742,Lombard Street,Meat,0.8,0.7
9325605,Union Square,Dairy,8,2.2
3602204,Union Square,Meat,4.3,1.3
9738808,Union Square,Meat,10,0.8
9941804,Lombard Street,Frozen,1.1,1.3
9578164,Lombard Street,Dairy,0.7,1.8
8045972,Embarcadero,Frozen,9.2,1.3
2440095,Lombard Street,Meat,7.7,1.2
1430660,Union Square,Produce,9.6,2.1
4236970,Lombard Street,Seafood,4.6,0.7
8167574,Union Square,Seafood,2.9,0.7
2618144,Lombard Street,Produce,2.3,1.9
1214673,Union Square,Dairy,4.3,0.7
8916257,Union Square,Packaged dry food,8.9,0.4
5175894,Lombard Street,Frozen,2.3,0.7
6191716,Union Square,Meat,8.3,0.5
9313433,Lombard Street,Produce,3,0.7
2781995,Lombard Street,Produce,2,1.5
1395108,Embarcadero,Meat,5.7,2.3
8385413,Union Square,Frozen,2,2.4
1966390,Lombard Street,Seafood,1.2,1.7
7119896,Union Square,Dairy,1.6,2.4
2150662,Lombard Street,Meat,8.4,2.4
9315044,Lombard Street,Meat,4.9,0.3
2793572,Union Square,Seafood,9.7,1.3
8968803,Lombard Street,Meat,4.3,2
6236246,Lombard Street,Meat,6,1.3
1805796,Union Square,Meat,7.5,0.9
6912896,Lombard Street,Seafood,1.2,0.9
5227891,Union Square,Meat,5.4,1
4950786,Embarcadero,Other,8.1,2.5
4741120,Lombard Street,Produce,7.3,2.2
5248261,Embarcadero,Other,5.6,0.4
6879849,Union Square,Dairy,5.3,0.7
8547545,Union Square,Produce,0.5,2.5
6479753,Lombard Street,Dairy,6.4,1.2
8340148,Embarcadero,Produce,4.8,2.4
3963286,Union Square,Packaged dry food,9.3,2.3
1880278,Embarcadero,Frozen,2.5,0.6
5100253,Union Square,Seafood,5.5,1.6
4181455,Union Square,Frozen,4.1,1.7
2866825,Union Square,Dairy,7.4,1.2
8936433,Union Square,Produce,5.9,0.9
6450431,Lombard Street,Meat,3.9,0.4
5767845,Union Square,Meat,7.6,0.9
4272171,Embarcadero,Seafood,8.3,1
4687836,Lombard Street,Frozen,4.3,0.9
5914179,Union Square,Other,5.3,2.5
7694593,Embarcadero,Produce,3.8,1.2
7818093,Embarcadero,Produce,6.6,1.3
3141515,Lombard Street,Meat,1.9,2.3
1103650,Union Square,Dairy,1,2
5370957,Union Square,Dairy,5.6,1.7
5928476,Union Square,Dairy,7.3,0.6
3227742,Embarcadero,Seafood,9.7,1.3
1878653,Union Square,Meat,6.4,2.3
3474128,Lombard Street,Dairy,5.7,2
8592035,Lombard Street,Packaged dry food,8.2,0.9
3253638,Union Square,Seafood,6.1,2
5815220,Embarcadero,Other,6.8,2.4
8420056,Embarcadero,Produce,1.2,1.3
3625761,Lombard Street,Other,2.2,1.1
3623328,Union Square,Produce,2.2,2
7279892,Union Square,Seafood,6,0.5
7856498,Embarcadero,Meat,4.7,2.1
7548088,Union Square,Seafood,8.9,1.3
7933147,Union Square,Dairy,2.8,0.8
4098173,Union Square,Seafood,8.2,1.7
4397806,Union Square,Other,6.3,1.3
9609571,Union Square,Meat,6.8,1.4
9657922,Embarcadero,Other,5.9,0.8
8395223,Lombard Street,Dairy,2,0.6
1143536,Lombard Street,Meat,8.6,2
7817737,Embarcadero,Other,3.8,0.9
3983260,Union Square,Seafood,2.5,1.8
8574978,Lombard Street,Other,8.5,2.3
7887541,Union Square,Other,5.6,1.5
7060442,Embarcadero,Other,2,1.9
9103710,Union Square,Dairy,2.9,0.5
8721016,Lombard Street,Meat,3.4,1.3
9606381,Embarcadero,Produce,2.8,2.1
2289654,Union Square,Seafood,1,1.4
2898043,Embarcadero,Seafood,9.5,1.3
7074399,Union Square,Meat,9.2,0.7
8074869,Lombard Street,Produce,10,0.4
3674220,Union Square,Dairy,1.4,2.2
7890935,Lombard Street,Other,4.2,0.5
9222948,Union Square,Dairy,4.5,0.9
2314982,Lombard Street,Frozen,0.6,1.5
9069374,Embarcadero,Dairy,1.8,1.7
7168385,Embarcadero,Dairy,6.8,1.5
3199779,Embarcadero,Meat,2,1.3
1128178,Lombard Street,Meat,8.6,1.2
7966955,Embarcadero,Meat,5,2.4
7009037,Lombard Street,Meat,2.2,1.4
1435459,Union Square,Packaged dry food,2.1,1.7
7968298,Embarcadero,Other,3.9,2.3
1955542,Lombard Street,Meat,1.7,2
4960995,Lombard Street,Other,9.9,2.3
4127696,Embarcadero,Seafood,1.7,1.1
1126210,Embarcadero,Dairy,3.8,1
2042244,Lombard Street,Packaged dry food,4.1,1.1
7775641,Embarcadero,Meat,9.6,0.4
1634057,Lombard Street,Seafood,0.6,2.2
1716421,Embarcadero,Frozen,6.3,2.2
9295099,Union Square,Meat,3.5,1.4
4120653,Lombard Street,Frozen,0.8,1
6478927,Lombard Street,Dairy,1.7,1.3
9000447,Lombard Street,Meat,3.3,1.6
8264064,Union Square,Dairy,7,1.2
6120089,Union Square,Meat,6.5,2.4
5657579,Union Square,Seafood,1.4,2.4
7974502,Embarcadero,Produce,9.5,1.8
6041070,Lombard Street,Meat,5.2,2.4
9518542,Union Square,Dairy,1.3,0.6
9279245,Lombard Street,Seafood,4.9,1.9
4402432,Lombard Street,Meat,8.8,1.1
2758413,Union Square,Seafood,7.8,1.9
7468441,Lombard Street,Seafood,7.3,1.4
1115533,Union Square,Produce,5.6,1.9
6513208,Union Square,Meat,3.6,1.3
5024042,Embarcadero,Seafood,0.7,1.3
4855301,Embarcadero,Seafood,9.5,1.4
4349225,Embarcadero,Produce,4.4,1.7
4927348,Union Square,Frozen,4.8,2.3
5067653,Union Square,Dairy,9.3,1.9
4682266,Union Square,Frozen,2.4,0.7
4392470,Lombard Street,Seafood,7.6,0.5
6682620,Embarcadero,Produce,3.1,2
7535965,Lombard Street,Seafood,10,0.9
2800395,Embarcadero,Seafood,5.2,2.1
4983830,Lombard Street,Dairy,2.1,0.3
5320001,Embarcadero,Seafood,7.3,0.6
9452460,Embarcadero,Meat,3.3,2.5
8508343,Union Square,Meat,6.1,2.2
8072356,Lombard Street,Other,8.5,2.5
5157189,Embarcadero,Other,1.3,2
3108044,Union Square,Dairy,4.3,2
4947501,Embarcadero,Produce,6.5,0.6
6005868,Lombard Street,Dairy,0.7,1.1
5320500,Embarcadero,Seafood,3.5,1.2
2316285,Embarcadero,Seafood,2.8,2.1
5638628,Union Square,Dairy,7.7,0.8
6139633,Embarcadero,Meat,6.9,0.4
2279406,Union Square,Seafood,2,1.9
2461075,Union Square,Meat,5.6,0.4
4050596,Lombard Street,Meat,7,2.1
2870973,Lombard Street,Other,7.2,0.7
5261517,Union Square,Seafood,9.4,1.8
8386035,Union Square,Seafood,9.9,1.3
7876424,Embarcadero,Packaged dry food,5.6,0.4
8360669,Union Square,Seafood,7.1,1.2
5220705,Embarcadero,Seafood,6.2,0.8
2662665,Lombard Street,Dairy,2.1,1.1
5018134,Union Square,Dairy,7.6,1.1
2085635,Lombard Street,Meat,9.6,0.8
2454546,Embarcadero,Seafood,6.5,0.9
1691073,Lombard Street,Dairy,2.3,1.8
1456966,Union Square,Seafood,7.4,2
9508770,Lombard Street,Produce,3.3,0.9
3332005,Lombard Street,Meat,1.4,2.5
5407461,Lombard Street,Dairy,0.7,0.5
9650670,Embarcadero,Meat,6.3,1.3
5219930,Union Square,Other,1.4,1.7
2970035,Embarcadero,Meat,1.2,0.9
9409329,Embarcadero,Packaged dry food,5.7,1.3
9410988,Union Square,Dairy,4.6,2.3
3188077,Lombard Street,Meat,2.5,0.3
2577428,Embarcadero,Dairy,8.4,0.9
6661433,Embarcadero,Packaged dry food,0.9,1.1
5729497,Lombard Street,Packaged dry food,1.3,2.3
6373078,Embarcadero,Meat,4.7,2.5
2158250,Union Square,Seafood,7.2,1.2
8735639,Embarcadero,Packaged dry food,6.2,1.3
1852603,Union Square,Seafood,6.1,0.3
8774377,Union Square,Frozen,2.4,2.4
8303640,Union Square,Meat,6.4,0.3
3654633,Lombard Street,Meat,1.6,0.7
3660761,Lombard Street,Produce,3.6,2.5
6843313,Lombard Street,Meat,1.3,1.3
1421217,Embarcadero,Meat,8.1,0.9
7554915,Embarcadero,Seafood,8,0.7
6530459,Union Square,Meat,2.4,1.7
1060598,Union Square,Seafood,7.7,0.8
7213014,Embarcadero,Meat,5.9,1.6
9280614,Lombard Street,Produce,6.5,2.4
1032320,Lombard Street,Seafood,6.6,0.6
9347376,Embarcadero,Meat,3.3,0.4
8984206,Embarcadero,Seafood,3.4,1.2
6972217,Embarcadero,Meat,5.3,1.9
5289772,Lombard Street,Meat,7.3,0.9
1302748,Embarcadero,Frozen,5.6,1.5
5171190,Embarcadero,Packaged dry food,5.3,0.7
9879603,Union Square,Other,4.2,2.5
8042183,Union Square,Produce,2.5,0.7
2279702,Lombard Street,Seafood,6.1,1.2
2825579,Embarcadero,Dairy,0.9,1.8
8501382,Union Square,Other,6.4,2.4
6278258,Union Square,Meat,6.5,1.6