Letter_ID,Letter_Type,AI_Drafted,AI_Draft_Word_Count,Edits_Required_Count,Reviewer_Time_Minutes,Letter_Approval_Status,Readability_Score,Tone_Alignment_Score,Error_Flag,Claim_Complexity_Index,Model_Confidence_Score,Reviewer_Satisfaction_Score,Revisions_Approved_on_First_Pass
LET-2025-00001,Approval,False,0.0,3,27.6,1,71.2,81.6,False,0.4,0.0,82.0,False
LET-2025-00002,Approval,True,293.0,2,16.0,1,62.1,80.5,False,0.3,0.6,79.5,False
LET-2025-00003,RFI,True,424.0,2,17.4,1,73.3,87.5,False,0.1,0.7,88.0,False
LET-2025-00004,RFI,False,0.0,6,46.7,1,74.9,78.9,False,0.7,0.0,73.6,False
LET-2025-00005,Approval,True,302.8,3,24.7,1,59.7,81.1,False,0.4,0.5,81.2,False
LET-2025-00006,Approval,True,304.2,0,15.4,1,81.7,84.9,False,0.2,0.8,86.7,True
LET-2025-00007,Approval,True,273.9,2,12.6,1,68.6,85.1,False,0.1,0.7,82.7,False
LET-2025-00008,Denial,True,392.4,4,36.9,0,73.2,81.8,True,0.5,0.7,71.6,False
LET-2025-00009,Approval,False,0.0,1,23.6,1,60.1,83.7,False,0.3,0.0,81.8,True
LET-2025-00010,Approval,True,223.7,2,16.4,1,77.8,82.8,False,0.3,0.6,84.2,False
LET-2025-00011,RFI,False,0.0,2,35.3,1,74.0,83.2,False,0.2,0.0,78.5,False
LET-2025-00012,Approval,False,0.0,2,20.8,1,73.0,83.2,False,0.1,0.0,84.4,False
LET-2025-00013,Denial,True,365.7,3,20.4,1,72.2,85.5,False,0.2,0.8,80.9,False
LET-2025-00014,Status Update,True,212.9,2,21.0,1,68.7,79.8,False,0.7,0.8,78.7,False
LET-2025-00015,RFI,True,336.1,1,27.0,1,72.9,82.1,False,0.3,0.8,80.3,True
LET-2025-00016,Status Update,True,156.3,3,19.3,1,67.0,84.7,False,0.3,0.7,84.5,False
LET-2025-00017,RFI,True,347.8,1,19.6,1,70.3,84.6,False,0.2,0.8,83.1,True
LET-2025-00018,RFI,False,0.0,1,43.8,1,63.4,78.8,False,0.8,0.0,76.7,True
LET-2025-00019,Denial,True,359.9,1,26.1,1,64.4,82.2,False,0.2,0.8,80.4,True
LET-2025-00020,Status Update,True,212.3,2,20.6,1,63.5,82.6,False,0.4,0.7,78.3,False
LET-2025-00021,Denial,False,0.0,5,51.7,1,65.2,76.4,False,0.8,0.0,69.5,False
LET-2025-00022,Denial,False,0.0,6,46.8,1,64.8,79.9,False,0.5,0.0,71.9,False
LET-2025-00023,Denial,False,0.0,3,41.6,1,70.4,82.2,False,0.5,0.0,79.1,False
LET-2025-00024,Denial,True,429.7,1,33.2,1,63.4,78.7,False,0.7,0.6,77.0,True
LET-2025-00025,Approval,True,330.5,1,21.1,1,69.3,81.5,False,0.3,0.6,81.7,True
LET-2025-00026,Denial,True,403.0,4,33.6,1,67.2,84.1,False,0.4,0.6,83.5,False
LET-2025-00027,Status Update,True,167.8,0,11.3,1,67.0,83.4,False,0.1,0.9,80.9,True
LET-2025-00028,Approval,True,254.1,1,16.7,1,63.4,82.4,False,0.3,0.5,81.5,True
LET-2025-00029,Approval,False,0.0,1,23.4,1,72.0,86.0,False,0.2,0.0,83.2,True
LET-2025-00030,RFI,False,0.0,3,37.8,1,68.6,85.6,False,0.2,0.0,75.6,False
LET-2025-00031,Approval,True,273.6,2,15.3,1,72.3,86.1,False,0.0,0.7,83.1,False
LET-2025-00032,RFI,True,474.6,2,37.5,1,59.4,79.0,False,0.7,0.7,76.5,False
LET-2025-00033,Status Update,False,0.0,0,21.6,1,67.8,81.7,False,0.4,0.0,81.6,True
LET-2025-00034,RFI,True,469.9,1,33.6,1,65.7,77.4,False,0.9,0.5,72.8,True
LET-2025-00035,Approval,True,231.5,1,15.4,1,66.9,84.4,False,0.1,0.8,84.4,True
LET-2025-00036,Approval,False,0.0,1,25.5,1,62.8,81.5,False,0.4,0.0,83.4,True
LET-2025-00037,Approval,True,320.2,3,21.4,1,67.5,78.2,False,0.8,0.6,72.9,False
LET-2025-00038,Approval,True,305.8,4,17.1,1,73.0,83.3,False,0.2,0.9,83.7,False
LET-2025-00039,Approval,True,345.7,2,19.5,1,70.7,81.7,False,0.4,0.7,83.3,False
LET-2025-00040,Approval,False,0.0,2,25.2,1,64.1,84.8,False,0.3,0.0,85.6,False
LET-2025-00041,RFI,True,361.2,6,27.6,1,72.9,84.4,False,0.2,0.7,84.9,False
LET-2025-00042,Approval,True,255.6,2,21.8,1,72.9,82.8,False,0.4,0.7,82.9,False
LET-2025-00043,Denial,False,0.0,2,40.1,1,71.6,81.5,False,0.5,0.0,76.7,False
LET-2025-00044,Denial,True,433.2,4,40.9,1,60.6,78.2,False,0.8,0.8,74.8,False
LET-2025-00045,Approval,True,302.7,2,23.2,1,64.8,81.0,False,0.5,0.8,77.9,False
LET-2025-00046,Denial,True,406.5,5,36.9,1,72.1,83.1,False,0.4,0.7,83.7,False
LET-2025-00047,Denial,True,403.5,3,39.8,1,63.9,80.5,False,0.6,0.6,75.3,False
LET-2025-00048,Approval,False,0.0,1,17.3,1,72.2,82.1,False,0.2,0.0,80.6,True
LET-2025-00049,Denial,True,468.9,4,27.5,1,73.2,80.2,False,0.5,0.6,77.3,False
LET-2025-00050,RFI,False,0.0,2,39.1,1,62.6,78.7,False,0.6,0.0,76.3,False
LET-2025-00051,Approval,True,319.3,0,19.6,1,71.9,77.8,False,0.6,0.7,78.9,True
LET-2025-00052,Approval,True,328.9,2,22.5,1,65.8,79.9,False,0.6,0.6,78.7,False
LET-2025-00053,Denial,True,474.1,1,25.3,1,66.2,82.9,False,0.3,0.7,79.9,True
LET-2025-00054,RFI,True,254.8,2,19.9,1,64.2,86.4,False,0.1,0.8,88.6,False
LET-2025-00055,RFI,True,368.0,3,29.9,1,71.4,83.3,False,0.2,0.8,85.5,False
LET-2025-00056,Denial,True,438.0,3,20.7,0,83.1,83.2,True,0.2,0.7,76.0,False
LET-2025-00057,Approval,True,294.5,1,14.0,1,71.6,81.9,False,0.2,0.7,84.5,True
LET-2025-00058,Approval,False,0.0,1,19.9,1,68.8,85.8,False,0.1,0.0,90.1,True
LET-2025-00059,Status Update,False,0.0,2,21.1,1,73.3,83.5,False,0.4,0.0,85.7,False
LET-2025-00060,Status Update,False,0.0,0,18.7,1,68.1,82.5,False,0.4,0.0,80.3,True
LET-2025-00061,Denial,False,0.0,4,42.6,1,68.5,84.3,False,0.3,0.0,83.3,False
LET-2025-00062,Approval,True,339.6,0,18.0,1,75.2,84.6,False,0.3,0.7,85.7,True
LET-2025-00063,Denial,True,402.0,0,27.3,1,76.2,82.5,False,0.4,0.6,79.7,True
LET-2025-00064,RFI,False,0.0,3,36.2,1,68.9,83.3,False,0.3,0.0,77.5,False
LET-2025-00065,RFI,True,368.7,3,31.9,1,75.9,83.7,False,0.4,0.7,79.9,False
LET-2025-00066,Approval,True,289.3,0,19.8,1,63.3,81.1,False,0.5,0.7,79.4,True
LET-2025-00067,Approval,True,354.9,1,18.8,1,71.7,79.1,False,0.6,0.7,75.3,True
LET-2025-00068,Status Update,True,264.2,1,15.7,1,69.5,79.1,False,0.6,0.7,78.4,True
LET-2025-00069,Denial,False,0.0,2,39.4,1,72.3,80.6,False,0.4,0.0,74.9,False
LET-2025-00070,Approval,False,0.0,3,36.6,1,62.7,76.9,False,0.9,0.0,77.0,False
LET-2025-00071,Denial,False,0.0,3,36.3,1,67.6,87.3,False,0.0,0.0,81.6,False
LET-2025-00072,Approval,True,301.5,2,16.6,1,73.5,87.0,False,0.0,0.8,90.9,False
LET-2025-00073,RFI,True,293.2,3,19.9,1,75.3,84.3,False,0.2,0.7,82.9,False
LET-2025-00074,Denial,False,0.0,3,43.9,1,63.7,81.6,False,0.5,0.0,79.3,False
LET-2025-00075,Denial,False,0.0,1,44.8,0,72.4,80.5,False,0.7,0.0,76.4,False
LET-2025-00076,RFI,True,396.1,0,21.2,0,70.6,85.2,False,0.1,0.8,83.4,False
LET-2025-00077,RFI,True,356.5,3,39.3,1,61.8,77.4,False,0.9,0.5,75.9,False
LET-2025-00078,Denial,True,521.6,5,30.3,1,75.7,81.6,False,0.3,0.7,80.3,False
LET-2025-00079,RFI,False,0.0,1,30.0,1,69.5,83.6,False,0.2,0.0,86.5,True
LET-2025-00080,Denial,True,493.7,1,27.5,1,58.8,82.2,False,0.4,0.7,80.9,True
LET-2025-00081,Denial,True,431.5,4,27.7,1,74.9,83.9,False,0.2,0.8,87.1,False
LET-2025-00082,Denial,True,448.9,2,22.1,1,66.7,82.0,True,0.3,0.7,75.3,False
LET-2025-00083,Approval,False,0.0,1,21.3,1,74.2,85.2,False,0.1,0.0,86.1,True
LET-2025-00084,Approval,True,267.1,4,27.1,0,69.2,80.6,False,0.5,0.6,82.0,False
LET-2025-00085,RFI,False,0.0,3,44.0,1,61.3,81.2,False,0.5,0.0,73.4,False
LET-2025-00086,RFI,True,386.5,3,28.8,1,67.9,81.1,False,0.6,0.8,80.4,False
LET-2025-00087,RFI,True,392.2,0,27.2,1,72.9,80.9,False,0.4,0.6,73.3,True
LET-2025-00088,RFI,True,399.8,1,21.7,1,64.1,85.1,False,0.1,0.9,86.0,True
LET-2025-00089,Denial,True,341.0,0,34.2,1,63.0,78.7,False,0.7,0.7,76.0,True
LET-2025-00090,Status Update,True,190.0,1,20.4,1,65.0,79.1,False,0.7,0.6,76.3,True
LET-2025-00091,Approval,True,287.9,1,18.2,1,68.0,82.6,False,0.4,0.6,84.6,True
LET-2025-00092,RFI,False,0.0,3,36.1,1,64.9,81.2,False,0.4,0.0,77.2,False
LET-2025-00093,RFI,False,0.0,4,34.9,1,74.4,81.9,False,0.3,0.0,86.3,False
LET-2025-00094,Approval,False,0.0,2,22.2,1,64.5,84.1,False,0.1,0.0,91.0,False
LET-2025-00095,Approval,True,246.4,1,16.9,1,72.3,81.5,False,0.5,0.6,84.5,True
LET-2025-00096,RFI,True,367.7,5,32.8,1,70.1,81.5,False,0.5,0.7,77.7,False
LET-2025-00097,Status Update,False,0.0,3,22.3,1,68.5,81.1,False,0.2,0.0,76.9,False
LET-2025-00098,Approval,True,266.6,0,18.9,1,68.9,84.0,False,0.2,0.8,81.4,True
LET-2025-00099,RFI,False,0.0,3,32.8,1,73.5,84.6,False,0.3,0.0,80.8,False
LET-2025-00100,Approval,True,244.2,1,18.5,1,59.5,82.8,False,0.4,0.6,81.8,True
LET-2025-00101,RFI,False,0.0,0,29.3,1,70.4,83.5,False,0.2,0.0,81.4,True
LET-2025-00102,Denial,True,433.6,5,32.7,1,67.8,80.0,False,0.6,0.6,76.6,False
LET-2025-00103,Status Update,True,123.1,0,16.9,1,68.8,83.0,False,0.3,0.8,83.2,True
LET-2025-00104,Denial,True,493.8,4,32.8,0,64.7,81.0,False,0.5,0.7,79.1,False
LET-2025-00105,Status Update,True,201.2,0,12.8,1,64.5,84.8,False,0.2,1.0,77.7,True
LET-2025-00106,Denial,True,448.1,2,21.0,1,75.8,84.0,False,0.2,0.8,85.9,False
LET-2025-00107,Approval,False,0.0,0,20.9,1,74.1,83.1,False,0.2,0.0,84.4,True
LET-2025-00108,Denial,True,425.3,5,34.1,1,66.0,81.8,False,0.5,0.6,76.9,False
LET-2025-00109,Approval,True,246.1,1,15.8,1,77.0,82.9,False,0.2,0.9,84.3,True
LET-2025-00110,Approval,True,284.2,0,18.5,1,64.2,83.4,False,0.4,0.8,82.5,True
LET-2025-00111,Denial,False,0.0,1,29.0,1,74.2,84.4,False,0.0,0.0,82.2,True
LET-2025-00112,RFI,True,473.5,1,25.4,1,67.1,81.7,False,0.5,0.6,83.4,True
LET-2025-00113,RFI,True,383.1,2,26.5,1,71.3,82.5,False,0.2,0.7,78.7,False
LET-2025-00114,RFI,True,285.2,2,24.8,1,66.4,81.4,False,0.4,0.6,80.9,False
LET-2025-00115,RFI,True,446.0,3,25.2,1,69.4,82.1,False,0.3,0.7,80.3,False
LET-2025-00116,Denial,True,518.6,2,28.8,1,67.9,81.0,False,0.5,0.7,76.9,False
LET-2025-00117,Denial,True,528.5,0,35.6,0,73.4,79.5,False,0.6,0.7,76.6,False
LET-2025-00118,Approval,True,280.5,2,22.2,0,56.3,79.7,False,0.6,0.7,81.0,False
LET-2025-00119,Denial,True,345.8,4,22.2,0,77.6,86.1,False,0.1,0.8,82.0,False
LET-2025-00120,Approval,True,300.7,3,23.2,0,65.7,80.5,False,0.6,0.7,81.2,False
LET-2025-00121,Denial,True,420.8,2,25.5,1,62.3,84.8,False,0.2,0.7,87.4,False
LET-2025-00122,Status Update,False,0.0,1,21.8,1,70.5,80.1,False,0.6,0.0,79.3,True
LET-2025-00123,Approval,True,333.4,1,17.9,1,72.0,81.7,False,0.3,0.7,78.0,True
LET-2025-00124,Approval,False,0.0,2,26.1,0,69.6,85.0,False,0.2,0.0,81.8,False
LET-2025-00125,Approval,False,0.0,1,27.0,1,59.6,79.3,False,0.5,0.0,78.7,True
LET-2025-00126,RFI,False,0.0,5,38.5,1,68.1,83.7,False,0.3,0.0,77.3,False
LET-2025-00127,RFI,True,277.6,0,23.4,1,61.6,84.0,False,0.2,0.7,83.2,True
LET-2025-00128,Denial,False,0.0,1,34.8,1,54.5,82.5,False,0.3,0.0,78.0,True
LET-2025-00129,RFI,True,353.9,0,22.4,1,65.6,83.5,False,0.2,0.8,85.3,True
LET-2025-00130,Status Update,True,219.4,3,21.3,1,73.4,77.0,False,0.8,0.5,74.4,False
LET-2025-00131,RFI,True,392.1,2,28.8,1,68.0,84.0,False,0.4,0.7,78.9,False
LET-2025-00132,RFI,True,308.0,1,23.6,1,72.7,85.6,False,0.1,0.7,80.1,True
LET-2025-00133,Denial,True,539.8,3,21.1,1,66.0,81.6,False,0.4,0.7,83.6,False
LET-2025-00134,Denial,True,343.4,1,34.3,1,67.6,82.5,False,0.4,0.6,78.1,True
LET-2025-00135,Approval,True,302.1,3,23.5,1,64.4,82.7,False,0.4,0.7,78.8,False
LET-2025-00136,RFI,True,371.9,2,23.2,1,75.4,83.9,False,0.2,0.6,83.3,False
LET-2025-00137,Denial,True,394.8,1,24.9,1,74.3,85.1,False,0.1,0.8,85.7,True
LET-2025-00138,Denial,False,0.0,6,45.3,1,74.8,83.5,False,0.4,0.0,78.7,False
LET-2025-00139,Approval,True,247.3,2,21.3,1,76.4,83.1,False,0.3,0.7,84.2,False
LET-2025-00140,Approval,False,0.0,3,25.9,1,67.2,82.1,False,0.3,0.0,81.1,False
LET-2025-00141,Status Update,False,0.0,2,15.7,1,70.2,82.7,False,0.2,0.0,79.6,False
LET-2025-00142,Approval,False,0.0,2,26.3,1,71.4,82.4,False,0.5,0.0,83.2,False
LET-2025-00143,RFI,False,0.0,5,47.1,1,68.8,78.5,False,0.7,0.0,71.3,False
LET-2025-00144,Status Update,True,220.8,0,10.5,1,59.9,83.7,False,0.3,0.7,83.0,True
LET-2025-00145,Approval,False,0.0,2,23.7,0,73.5,81.2,False,0.5,0.0,82.0,False
LET-2025-00146,Approval,True,307.9,2,15.1,1,71.7,81.8,False,0.5,0.6,81.8,False
LET-2025-00147,Denial,True,371.1,6,41.1,1,65.6,81.6,False,0.7,0.5,81.3,False
LET-2025-00148,Approval,True,347.1,1,30.4,1,70.2,77.1,False,0.9,0.6,74.6,True
LET-2025-00149,Status Update,True,220.7,1,14.4,1,56.4,84.1,False,0.4,0.8,85.5,True
LET-2025-00150,Approval,True,306.0,2,20.9,1,69.8,81.7,False,0.4,0.7,80.5,False
LET-2025-00151,Approval,True,310.5,1,14.5,1,61.7,83.6,False,0.2,0.6,84.9,True
LET-2025-00152,Approval,False,0.0,1,23.2,1,73.2,80.8,False,0.5,0.0,83.1,True
LET-2025-00153,Approval,True,257.3,0,18.1,1,67.1,84.6,False,0.1,0.6,83.9,True
LET-2025-00154,Denial,True,390.5,4,38.9,0,69.8,77.6,False,0.8,0.5,72.8,False
LET-2025-00155,Denial,False,0.0,4,50.7,1,68.9,79.1,False,0.8,0.0,78.2,False
LET-2025-00156,Approval,False,0.0,2,21.3,0,75.7,84.9,False,0.1,0.0,84.2,False
LET-2025-00157,RFI,True,365.7,3,28.7,1,71.7,85.3,False,0.2,0.9,81.8,False
LET-2025-00158,RFI,True,397.6,2,22.3,1,66.5,83.9,False,0.2,0.7,82.0,False
LET-2025-00159,Approval,False,0.0,1,25.4,1,75.3,83.5,False,0.2,0.0,81.0,True
LET-2025-00160,Denial,True,432.8,4,28.6,1,67.8,81.4,False,0.4,0.8,75.7,False
LET-2025-00161,Status Update,True,244.2,2,16.1,1,67.5,80.7,False,0.6,0.5,74.7,False
LET-2025-00162,Approval,True,319.4,1,16.5,1,74.3,84.3,False,0.2,0.6,83.2,True
LET-2025-00163,Approval,False,0.0,2,29.7,1,68.3,81.0,False,0.6,0.0,79.2,False
LET-2025-00164,Approval,False,0.0,2,17.3,1,68.7,85.9,False,0.1,0.0,82.8,False
LET-2025-00165,Denial,True,446.1,4,33.7,1,69.3,79.8,False,0.6,0.6,76.5,False
LET-2025-00166,RFI,False,0.0,5,35.9,1,68.1,84.1,False,0.2,0.0,82.5,False
LET-2025-00167,RFI,True,432.6,1,25.1,1,65.3,82.6,False,0.4,0.7,84.4,True
LET-2025-00168,RFI,True,420.5,2,31.6,0,62.0,79.3,False,0.6,0.8,72.6,False
LET-2025-00169,Approval,False,0.0,4,32.3,1,67.3,81.8,False,0.6,0.0,81.2,False
LET-2025-00170,Status Update,True,234.8,2,17.3,1,76.1,81.9,False,0.4,0.9,82.8,False
LET-2025-00171,Denial,False,0.0,0,35.9,0,55.9,84.5,False,0.3,0.0,85.9,False
LET-2025-00172,Approval,True,326.9,1,19.8,1,63.3,82.0,False,0.5,0.8,84.2,True
LET-2025-00173,Denial,True,521.4,3,38.6,1,68.6,81.4,False,0.6,0.6,78.0,False
LET-2025-00174,Approval,True,372.3,0,19.4,1,65.3,80.0,False,0.5,0.6,79.8,True
LET-2025-00175,Approval,True,366.3,0,25.1,1,63.8,81.0,False,0.6,0.7,78.5,True
LET-2025-00176,Approval,True,372.8,1,22.5,0,74.9,81.2,False,0.4,0.6,79.1,False
LET-2025-00177,Status Update,True,232.4,1,17.5,1,68.2,78.9,False,0.6,0.6,80.8,True
LET-2025-00178,Denial,True,422.5,3,30.1,1,82.2,82.0,False,0.4,0.8,79.9,False
LET-2025-00179,RFI,True,313.2,2,24.7,1,61.2,83.7,False,0.3,0.8,84.7,False
LET-2025-00180,Denial,True,376.7,0,34.4,1,62.8,78.8,False,0.8,0.7,75.0,True
LET-2025-00181,Approval,True,357.6,2,24.9,0,73.4,78.4,False,0.8,0.6,75.8,False
LET-2025-00182,Approval,True,362.4,1,14.7,0,73.9,82.8,False,0.3,0.7,83.7,False
LET-2025-00183,RFI,False,0.0,2,34.5,1,63.6,82.0,False,0.4,0.0,79.9,False
LET-2025-00184,Denial,False,0.0,3,33.6,1,64.3,84.6,False,0.2,0.0,80.6,False
LET-2025-00185,RFI,True,415.5,0,28.2,1,78.8,82.3,False,0.5,0.7,82.9,True
LET-2025-00186,Approval,False,0.0,0,31.2,1,67.0,80.5,False,0.6,0.0,79.8,True
LET-2025-00187,Approval,False,0.0,1,17.9,1,71.0,84.1,False,0.1,0.0,86.4,True
LET-2025-00188,Approval,True,267.0,1,18.3,1,67.0,84.0,False,0.2,0.7,84.0,True
LET-2025-00189,Approval,False,0.0,4,32.1,1,66.1,84.0,False,0.3,0.0,76.9,False
LET-2025-00190,Approval,False,0.0,3,24.3,1,65.9,85.8,False,0.1,0.0,84.6,False
LET-2025-00191,Denial,True,465.2,0,27.8,1,63.8,80.0,False,0.6,0.7,79.3,True
LET-2025-00192,Approval,False,0.0,1,24.0,0,62.8,83.2,False,0.3,0.0,80.3,False
LET-2025-00193,Denial,True,398.3,2,22.3,1,66.8,84.6,False,0.2,0.5,83.9,False
LET-2025-00194,Denial,True,598.7,3,37.9,1,76.7,80.0,False,0.6,0.6,76.7,False
LET-2025-00195,Approval,True,226.4,3,24.1,1,65.0,83.2,False,0.3,0.8,84.3,False
LET-2025-00196,Denial,False,0.0,3,36.3,1,71.7,81.2,False,0.4,0.0,78.3,False
LET-2025-00197,Approval,True,319.4,1,18.6,1,60.8,82.2,False,0.3,0.7,76.1,True
LET-2025-00198,Denial,False,0.0,3,38.1,1,71.3,82.7,False,0.3,0.0,77.9,False
LET-2025-00199,Status Update,True,203.8,0,12.7,1,69.6,82.0,False,0.2,0.6,82.2,True
LET-2025-00200,Approval,False,0.0,2,19.9,1,74.0,84.7,False,0.2,0.0,82.2,False
LET-2025-00201,Approval,True,299.8,0,7.2,1,72.0,86.1,False,0.1,0.9,86.2,True
LET-2025-00202,Denial,True,407.0,1,24.2,1,79.3,84.1,False,0.2,0.8,85.0,True
LET-2025-00203,Approval,True,238.3,0,13.7,1,69.8,84.4,False,0.2,0.8,84.1,True
LET-2025-00204,RFI,True,331.9,3,27.5,1,67.1,82.3,False,0.4,0.6,80.5,False
LET-2025-00205,Status Update,True,191.1,1,17.6,0,70.9,80.1,False,0.5,0.6,76.0,False
LET-2025-00206,Approval,False,0.0,2,29.0,1,63.6,79.6,False,0.6,0.0,79.5,False
LET-2025-00207,Approval,False,0.0,5,26.0,1,73.7,82.6,False,0.3,0.0,78.8,False
LET-2025-00208,Denial,False,0.0,3,37.1,1,65.0,84.4,False,0.2,0.0,78.4,False
LET-2025-00209,Denial,True,450.1,2,41.6,1,70.9,78.0,False,0.8,0.7,72.5,False
LET-2025-00210,Approval,True,273.6,0,17.6,1,63.9,80.6,False,0.4,0.5,78.0,True
LET-2025-00211,Approval,True,291.6,1,17.5,1,73.5,82.9,False,0.2,0.8,82.5,True
LET-2025-00212,RFI,False,0.0,1,29.2,1,76.7,83.5,False,0.2,0.0,81.2,True
LET-2025-00213,Approval,True,296.5,0,23.9,1,68.2,81.0,False,0.6,0.8,75.9,True
LET-2025-00214,Approval,False,0.0,1,20.0,1,75.7,84.7,False,0.1,0.0,83.3,True
LET-2025-00215,Approval,True,292.9,0,18.3,1,67.8,83.2,False,0.2,0.8,82.6,True
LET-2025-00216,Denial,True,459.8,6,44.0,0,66.1,74.6,False,0.9,0.6,67.0,False
LET-2025-00217,Denial,True,483.4,0,19.3,0,69.6,85.5,False,0.1,0.8,84.9,False
LET-2025-00218,Approval,True,271.9,0,8.9,1,75.4,84.6,False,0.1,0.7,86.5,True
LET-2025-00219,Status Update,False,0.0,0,16.4,1,64.8,83.4,False,0.2,0.0,84.8,True
LET-2025-00220,RFI,False,0.0,3,36.8,1,70.7,82.8,False,0.4,0.0,83.4,False
LET-2025-00221,Status Update,True,210.6,1,17.8,1,57.4,80.7,False,0.5,0.8,83.8,True
LET-2025-00222,RFI,True,394.9,1,30.3,0,69.4,78.2,False,0.6,0.7,79.5,False
LET-2025-00223,Approval,True,307.5,1,21.0,1,71.3,80.1,False,0.4,0.7,82.4,True
LET-2025-00224,Denial,True,418.2,6,35.7,1,66.4,79.8,False,0.7,0.8,74.6,False
LET-2025-00225,RFI,False,0.0,5,42.4,1,68.1,82.8,False,0.5,0.0,78.5,False
LET-2025-00226,RFI,True,330.2,3,24.8,1,77.4,81.5,False,0.2,0.5,79.5,False
LET-2025-00227,RFI,False,0.0,5,40.1,1,70.7,82.3,False,0.4,0.0,76.2,False
LET-2025-00228,Approval,True,263.4,0,15.6,1,61.3,82.9,False,0.3,0.6,83.0,True
LET-2025-00229,Approval,True,288.7,1,18.3,0,70.5,80.4,False,0.6,0.6,81.6,False
LET-2025-00230,Denial,True,525.7,3,25.6,1,77.1,84.2,False,0.3,0.9,83.8,False
LET-2025-00231,Denial,True,489.8,3,36.0,1,64.1,77.8,True,0.8,0.6,70.9,False
LET-2025-00232,RFI,False,0.0,0,30.5,1,63.4,83.1,False,0.3,0.0,83.9,True
LET-2025-00233,Approval,True,244.1,0,15.4,1,70.9,85.1,False,0.2,0.8,83.2,True
LET-2025-00234,Denial,False,0.0,6,50.6,1,63.4,79.6,False,0.7,0.0,76.9,False
LET-2025-00235,Denial,True,467.0,2,36.0,1,64.8,81.7,False,0.5,0.6,76.5,False
LET-2025-00236,Approval,True,263.6,3,21.7,1,70.6,81.2,True,0.5,0.7,74.2,False
LET-2025-00237,Approval,True,247.3,3,19.3,1,72.7,83.2,False,0.3,0.8,78.4,False
LET-2025-00238,Approval,True,297.2,2,28.8,1,67.9,80.0,False,0.6,0.7,74.8,False
LET-2025-00239,Approval,True,390.9,1,20.0,1,66.3,81.3,False,0.5,0.7,81.1,True
LET-2025-00240,Approval,False,0.0,2,27.1,1,66.9,78.7,False,0.5,0.0,79.6,False
LET-2025-00241,RFI,False,0.0,1,38.7,1,71.9,80.7,False,0.5,0.0,75.3,True
LET-2025-00242,Denial,True,414.3,2,28.3,1,66.9,84.6,False,0.3,0.8,81.6,False
LET-2025-00243,Approval,True,292.2,2,25.7,1,63.4,78.5,False,0.7,0.7,75.1,False
LET-2025-00244,Denial,False,0.0,3,36.9,0,68.4,83.4,False,0.2,0.0,84.8,False
LET-2025-00245,Approval,True,287.8,0,22.1,1,68.7,80.7,False,0.6,0.6,77.5,True
LET-2025-00246,Approval,True,275.4,2,15.4,1,68.2,84.9,False,0.3,0.6,84.8,False
LET-2025-00247,Status Update,False,0.0,2,27.0,1,61.8,80.7,False,0.7,0.0,76.4,False
LET-2025-00248,Approval,True,307.8,0,14.1,1,70.6,84.2,False,0.4,0.7,84.3,True
LET-2025-00249,Denial,False,0.0,6,50.3,1,64.2,79.0,False,0.7,0.0,72.9,False
LET-2025-00250,Denial,True,450.3,2,22.0,1,69.1,81.1,True,0.5,0.6,75.0,False
LET-2025-00251,Denial,False,0.0,3,41.5,1,72.9,83.1,False,0.3,0.0,81.5,False
LET-2025-00252,RFI,False,0.0,3,36.6,1,68.3,81.1,False,0.4,0.0,77.7,False
LET-2025-00253,Approval,True,308.9,3,25.6,1,61.1,80.6,True,0.7,0.8,72.6,False
LET-2025-00254,Denial,True,376.2,6,33.5,1,65.6,82.5,False,0.3,0.7,80.7,False
LET-2025-00255,Approval,False,0.0,2,22.9,1,67.4,82.0,False,0.3,0.0,81.0,False
LET-2025-00256,Approval,False,0.0,4,28.1,1,69.9,82.8,False,0.4,0.0,81.6,False
LET-2025-00257,Denial,False,0.0,4,49.1,1,63.0,79.2,False,0.7,0.0,75.7,False
LET-2025-00258,Approval,True,271.3,3,21.6,1,64.7,82.2,False,0.6,0.5,82.2,False
LET-2025-00259,Status Update,True,218.2,1,17.2,1,75.6,82.0,False,0.4,0.7,85.6,True
LET-2025-00260,RFI,False,0.0,1,32.8,1,61.1,81.9,False,0.4,0.0,82.4,True
LET-2025-00261,Denial,False,0.0,2,41.5,1,71.4,81.1,False,0.4,0.0,76.4,False
LET-2025-00262,Approval,True,260.5,1,15.8,1,65.1,86.5,False,0.1,0.7,89.6,True
LET-2025-00263,Status Update,True,243.0,0,14.8,1,71.8,80.7,False,0.5,0.5,79.4,True
LET-2025-00264,Denial,False,0.0,0,33.1,1,60.6,81.9,False,0.4,0.0,79.1,True
LET-2025-00265,RFI,False,0.0,4,33.6,1,72.5,83.3,False,0.2,0.0,78.6,False
LET-2025-00266,Denial,False,0.0,2,37.7,1,68.2,82.6,False,0.4,0.0,81.0,False
LET-2025-00267,RFI,False,0.0,4,42.5,1,61.3,81.8,False,0.4,0.0,77.0,False
LET-2025-00268,Denial,True,427.2,5,30.8,1,67.4,81.9,False,0.4,0.6,77.3,False
LET-2025-00269,Status Update,True,221.3,2,18.2,1,69.0,80.4,False,0.5,0.7,82.0,False
LET-2025-00270,Denial,True,391.2,2,20.5,1,69.5,82.5,False,0.2,0.7,82.7,False
LET-2025-00271,Approval,True,252.7,0,13.1,1,68.6,85.3,False,0.2,0.8,84.6,True
LET-2025-00272,Approval,True,282.3,3,24.3,1,59.8,80.4,False,0.4,0.6,81.4,False
LET-2025-00273,Approval,False,0.0,1,24.6,1,68.1,84.0,False,0.2,0.0,86.6,True
LET-2025-00274,RFI,True,352.4,3,27.7,1,65.8,82.4,False,0.4,0.6,78.3,False
LET-2025-00275,RFI,True,366.2,1,23.4,1,60.4,81.9,False,0.1,0.8,78.9,True
LET-2025-00276,Denial,True,401.9,2,25.8,1,63.9,82.5,False,0.1,0.7,79.6,False
LET-2025-00277,Approval,True,356.0,0,8.5,0,72.7,84.5,False,0.2,0.7,84.5,False
LET-2025-00278,RFI,False,0.0,5,40.4,1,73.8,83.1,False,0.3,0.0,75.0,False
LET-2025-00279,Approval,True,276.5,2,16.6,0,70.6,82.1,True,0.4,0.7,76.6,False
LET-2025-00280,Denial,True,340.9,2,19.9,1,76.0,83.4,False,0.0,0.8,84.4,False
LET-2025-00281,Denial,False,0.0,5,38.7,1,77.2,83.3,False,0.3,0.0,74.5,False
LET-2025-00282,Approval,True,206.3,0,17.0,1,66.1,80.9,False,0.4,0.7,78.5,True
LET-2025-00283,RFI,True,440.4,1,37.0,0,70.9,78.0,False,0.7,0.6,75.8,False
LET-2025-00284,Approval,True,253.9,1,17.0,1,64.5,83.7,False,0.3,0.6,79.0,True
LET-2025-00285,Approval,True,244.7,1,17.0,1,70.8,85.5,False,0.1,0.9,88.5,True
LET-2025-00286,Status Update,False,0.0,4,19.6,1,71.8,84.3,False,0.1,0.0,90.8,False
LET-2025-00287,Approval,False,0.0,2,27.4,1,58.7,78.3,False,0.7,0.0,75.5,False
LET-2025-00288,Denial,True,418.0,3,25.0,1,81.5,81.2,False,0.3,0.7,79.3,False
LET-2025-00289,Approval,False,0.0,4,29.7,1,74.7,82.1,False,0.3,0.0,80.7,False
LET-2025-00290,Denial,True,410.5,1,29.1,1,66.6,82.5,False,0.4,0.7,78.8,True
LET-2025-00291,Approval,True,321.5,1,15.9,1,77.1,82.1,False,0.3,0.7,81.6,True
LET-2025-00292,Status Update,True,225.6,2,17.2,1,72.0,81.6,False,0.4,0.7,79.1,False
LET-2025-00293,Approval,True,357.7,2,20.7,1,66.4,81.0,False,0.6,0.7,78.3,False
LET-2025-00294,Denial,True,419.2,3,29.1,1,71.4,83.3,False,0.3,0.6,81.9,False
LET-2025-00295,Denial,False,0.0,5,38.0,1,76.1,84.2,False,0.1,0.0,81.6,False
LET-2025-00296,Denial,True,386.4,1,27.3,1,70.7,81.2,False,0.5,0.8,77.6,True
LET-2025-00297,Approval,True,229.1,1,19.0,0,76.1,84.3,False,0.3,0.7,84.4,False
LET-2025-00298,Denial,False,0.0,1,39.5,1,73.0,81.2,False,0.4,0.0,75.6,True
LET-2025-00299,Denial,True,497.2,7,46.9,1,72.5,76.7,False,0.8,0.6,70.6,False
LET-2025-00300,Approval,True,282.1,0,18.1,1,78.2,81.9,False,0.4,0.8,85.1,True
LET-2025-00301,Denial,True,435.2,3,29.3,1,71.4,85.1,False,0.1,0.7,83.9,False
LET-2025-00302,RFI,True,349.0,5,19.3,1,76.1,83.5,False,0.1,0.8,80.6,False
LET-2025-00303,RFI,True,447.8,2,28.9,1,70.2,82.1,False,0.3,0.6,82.1,False
LET-2025-00304,Approval,False,0.0,4,26.5,1,67.8,85.1,False,0.3,0.0,84.3,False
LET-2025-00305,Status Update,False,0.0,0,15.5,1,64.6,85.3,False,0.1,0.0,84.1,True
LET-2025-00306,Denial,True,392.1,2,32.9,1,60.9,81.3,False,0.4,0.7,76.2,False
LET-2025-00307,Denial,True,502.0,4,40.7,1,62.0,78.5,False,0.8,0.7,75.5,False
LET-2025-00308,Status Update,True,235.8,1,19.7,1,63.1,81.9,False,0.5,0.7,80.4,True
LET-2025-00309,Denial,True,383.7,4,29.1,1,66.6,82.1,False,0.3,0.7,79.4,False
LET-2025-00310,RFI,False,0.0,2,31.5,1,57.5,81.6,False,0.3,0.0,79.1,False
LET-2025-00311,Approval,False,0.0,2,20.7,0,74.2,81.6,False,0.4,0.0,78.6,False
LET-2025-00312,RFI,True,418.1,2,31.6,1,71.0,81.7,False,0.5,0.6,78.5,False
LET-2025-00313,Status Update,False,0.0,1,18.5,1,68.7,81.0,True,0.5,0.0,80.6,True
LET-2025-00314,Approval,True,338.2,0,17.5,1,69.6,82.3,False,0.4,0.8,83.0,True
LET-2025-00315,Denial,True,534.0,6,38.2,0,75.4,80.5,False,0.6,0.8,70.8,False
LET-2025-00316,Denial,True,463.5,1,26.3,1,78.0,84.3,False,0.2,0.8,82.1,True
LET-2025-00317,RFI,True,482.2,5,39.0,0,63.4,78.1,False,0.7,0.6,73.0,False
LET-2025-00318,Denial,True,308.2,4,24.1,1,67.0,84.8,False,0.3,0.7,85.8,False
LET-2025-00319,Denial,True,460.5,6,41.9,1,66.4,79.7,False,0.6,0.6,75.9,False
LET-2025-00320,Denial,False,0.0,0,32.7,1,66.8,82.6,False,0.3,0.0,77.7,True
LET-2025-00321,Approval,True,265.9,1,14.1,1,67.2,86.1,False,0.1,0.8,84.4,True
LET-2025-00322,Status Update,True,215.0,1,15.1,1,65.8,78.7,False,0.6,0.8,76.9,True
LET-2025-00323,Denial,True,454.4,3,23.5,1,69.8,82.8,False,0.3,0.8,81.9,False
LET-2025-00324,Approval,True,285.0,1,18.7,1,73.8,81.6,False,0.3,0.6,81.0,True
LET-2025-00325,Denial,True,294.2,5,38.3,1,62.9,81.2,False,0.5,0.8,81.9,False
LET-2025-00326,Denial,True,337.6,3,26.2,1,66.5,82.9,False,0.3,0.7,77.0,False
LET-2025-00327,Approval,False,0.0,5,35.0,1,64.0,77.2,False,0.6,0.0,77.5,False
LET-2025-00328,RFI,False,0.0,1,39.9,1,58.8,81.1,False,0.6,0.0,79.4,True
LET-2025-00329,Approval,True,287.5,4,15.1,1,72.2,84.1,False,0.2,0.7,86.3,False
LET-2025-00330,Denial,False,0.0,0,38.8,1,73.0,82.8,False,0.4,0.0,77.5,True
LET-2025-00331,Denial,False,0.0,1,38.0,1,65.8,81.5,True,0.5,0.0,73.6,True
LET-2025-00332,Denial,False,0.0,4,36.7,1,79.7,82.1,False,0.4,0.0,79.2,False
LET-2025-00333,RFI,True,471.5,4,35.5,0,69.2,79.6,False,0.7,0.6,73.2,False
LET-2025-00334,Approval,False,0.0,1,21.2,1,62.8,81.9,False,0.4,0.0,82.4,True
LET-2025-00335,Approval,True,238.9,0,18.0,1,79.0,84.7,False,0.2,0.9,86.5,True
LET-2025-00336,Denial,True,526.7,4,31.4,1,69.7,84.0,False,0.3,0.7,81.0,False
LET-2025-00337,Approval,True,311.3,0,16.6,1,73.2,83.5,False,0.1,0.9,78.2,True
LET-2025-00338,Denial,False,0.0,3,36.0,1,74.1,81.8,False,0.3,0.0,81.7,False
LET-2025-00339,Approval,True,281.6,1,15.0,1,71.7,81.4,False,0.5,0.8,82.7,True
LET-2025-00340,Approval,True,264.0,3,15.5,1,64.5,83.3,False,0.2,0.8,85.3,False
LET-2025-00341,Approval,False,0.0,1,26.7,1,69.3,81.8,False,0.5,0.0,80.3,True
LET-2025-00342,Denial,True,364.9,3,43.0,1,57.2,79.8,False,0.8,0.7,80.8,False
LET-2025-00343,RFI,True,382.1,1,28.9,1,68.8,80.9,False,0.5,0.6,79.7,True
LET-2025-00344,Approval,True,242.2,0,9.2,0,71.3,83.8,False,0.2,0.8,85.5,False
LET-2025-00345,Approval,False,0.0,1,22.5,1,68.1,85.8,False,0.0,0.0,84.0,True
LET-2025-00346,RFI,True,383.3,4,31.5,1,67.0,82.4,False,0.4,0.6,74.4,False
LET-2025-00347,RFI,True,337.0,1,28.1,0,70.1,82.4,False,0.3,0.8,82.9,False
LET-2025-00348,Denial,True,477.5,2,34.8,1,70.0,80.5,False,0.5,0.6,77.7,False
LET-2025-00349,Approval,True,278.0,0,15.5,1,77.4,83.2,False,0.3,0.7,83.5,True
LET-2025-00350,Denial,True,441.4,1,31.9,1,76.8,82.8,False,0.4,0.7,83.3,True
LET-2025-00351,Approval,False,0.0,0,23.0,1,63.0,84.3,False,0.2,0.0,87.6,True
LET-2025-00352,RFI,True,412.8,4,33.7,1,70.0,78.9,False,0.7,0.6,78.5,False
LET-2025-00353,Approval,False,0.0,2,22.3,1,66.4,81.8,False,0.4,0.0,80.5,False
LET-2025-00354,Denial,False,0.0,3,46.8,0,69.5,80.5,False,0.7,0.0,75.1,False
LET-2025-00355,Status Update,True,234.9,0,11.4,0,73.1,82.1,False,0.3,0.9,77.5,False
LET-2025-00356,Approval,False,0.0,1,23.7,1,79.5,86.3,False,0.1,0.0,85.4,True
LET-2025-00357,Approval,True,308.5,2,22.7,1,69.1,84.2,False,0.2,0.7,83.7,False
LET-2025-00358,RFI,True,501.1,2,40.3,1,65.9,76.1,False,0.9,0.6,69.6,False
LET-2025-00359,Denial,False,0.0,4,39.2,1,69.2,82.3,False,0.3,0.0,80.4,False
LET-2025-00360,Approval,False,0.0,0,18.6,1,67.7,86.2,False,0.1,0.0,87.2,True
LET-2025-00361,Status Update,False,0.0,5,27.6,1,60.5,80.3,False,0.8,0.0,77.9,False
LET-2025-00362,Denial,False,0.0,2,39.3,1,70.3,80.5,False,0.6,0.0,77.5,False
LET-2025-00363,RFI,True,333.8,0,24.3,1,70.2,84.5,False,0.1,0.8,87.8,True
LET-2025-00364,RFI,True,420.5,4,23.2,1,62.8,83.5,False,0.3,0.7,85.6,False
LET-2025-00365,RFI,False,0.0,4,33.9,1,72.4,84.3,False,0.2,0.0,83.5,False
LET-2025-00366,Approval,True,303.4,1,22.4,1,74.6,81.1,False,0.6,0.7,78.5,True
LET-2025-00367,RFI,False,0.0,3,43.9,1,61.9,78.7,False,0.7,0.0,74.2,False
LET-2025-00368,Approval,False,0.0,2,37.4,1,73.2,79.4,False,0.7,0.0,80.8,False
LET-2025-00369,Status Update,True,257.5,0,19.2,1,70.2,77.0,False,0.8,0.7,74.4,True
LET-2025-00370,Denial,True,417.1,3,29.5,0,69.2,84.8,False,0.2,0.7,83.4,False
LET-2025-00371,Approval,True,312.2,1,21.4,1,76.0,82.8,False,0.5,0.6,86.8,True
LET-2025-00372,Status Update,False,0.0,1,21.4,0,73.0,75.7,False,0.8,0.0,77.6,False
LET-2025-00373,Denial,False,0.0,4,44.4,1,59.2,84.5,False,0.4,0.0,80.4,False
LET-2025-00374,Approval,False,0.0,3,26.5,1,69.1,81.9,False,0.5,0.0,79.0,False
LET-2025-00375,Approval,True,323.4,0,12.2,1,72.6,81.6,False,0.3,0.8,81.9,True
LET-2025-00376,Denial,True,486.0,5,33.0,1,70.8,80.0,False,0.5,0.8,76.9,False
LET-2025-00377,RFI,True,387.5,2,29.1,1,72.6,83.2,False,0.4,0.8,84.3,False
LET-2025-00378,Approval,False,0.0,3,27.2,1,63.1,82.0,False,0.4,0.0,82.4,False
LET-2025-00379,Approval,True,293.6,1,13.3,1,66.9,84.4,False,0.2,0.8,84.4,True
LET-2025-00380,RFI,True,420.7,3,27.1,1,61.2,84.0,False,0.3,0.7,83.6,False
LET-2025-00381,Approval,True,220.8,1,10.8,1,69.2,85.0,False,0.0,0.9,86.4,True
LET-2025-00382,Status Update,True,235.8,1,13.7,1,86.1,86.0,False,0.2,0.7,87.8,True
LET-2025-00383,Denial,True,397.0,1,23.2,1,71.4,83.4,False,0.2,0.7,82.5,True
LET-2025-00384,Denial,False,0.0,5,44.9,1,70.0,82.3,False,0.4,0.0,76.8,False
LET-2025-00385,Approval,False,0.0,3,31.2,1,66.6,80.6,False,0.7,0.0,80.0,False
LET-2025-00386,RFI,True,393.4,3,21.2,1,77.6,84.7,False,0.2,0.6,86.0,False
LET-2025-00387,Approval,True,319.8,0,13.8,1,64.0,84.6,False,0.2,0.8,85.2,True
LET-2025-00388,Approval,True,269.5,0,19.6,1,68.8,80.7,False,0.4,0.8,78.1,True
LET-2025-00389,Denial,False,0.0,4,50.3,1,72.4,77.9,False,0.7,0.0,74.2,False
LET-2025-00390,Status Update,False,0.0,0,17.6,1,66.3,86.7,False,0.1,0.0,87.3,True
LET-2025-00391,Denial,False,0.0,0,32.1,1,82.9,84.8,False,0.1,0.0,84.2,True
LET-2025-00392,RFI,False,0.0,2,49.0,1,62.4,79.3,False,0.9,0.0,74.9,False
LET-2025-00393,Denial,True,365.3,2,24.9,1,75.6,80.7,False,0.4,0.7,78.8,False
LET-2025-00394,Approval,False,0.0,3,27.0,1,65.5,80.0,False,0.5,0.0,78.3,False
LET-2025-00395,Status Update,True,235.4,2,17.9,1,66.7,81.9,False,0.5,0.8,80.6,False
LET-2025-00396,Approval,True,355.4,3,20.2,1,59.6,78.6,False,0.6,0.5,75.3,False
LET-2025-00397,Approval,True,298.1,1,20.8,0,74.7,79.2,False,0.6,0.7,77.2,False
LET-2025-00398,RFI,True,398.3,4,27.8,0,65.0,81.6,False,0.4,0.6,78.3,False
LET-2025-00399,Approval,True,239.0,4,24.8,1,65.7,79.7,False,0.6,0.6,79.9,False
LET-2025-00400,Status Update,False,0.0,2,19.4,1,66.9,81.0,False,0.5,0.0,78.2,False
LET-2025-00401,RFI,True,365.3,3,39.2,1,64.7,78.1,False,0.7,0.6,77.9,False
LET-2025-00402,Approval,False,0.0,0,23.8,1,70.5,81.6,False,0.4,0.0,83.4,True
LET-2025-00403,Approval,False,0.0,0,30.0,1,64.2,78.3,False,0.8,0.0,75.0,True
LET-2025-00404,Approval,False,0.0,4,31.8,0,69.6,80.4,False,0.5,0.0,77.2,False
LET-2025-00405,RFI,False,0.0,2,33.4,1,79.3,87.4,False,0.1,0.0,83.8,False
LET-2025-00406,Approval,False,0.0,0,26.1,1,82.2,79.2,False,0.5,0.0,76.9,True
LET-2025-00407,Denial,True,391.4,5,28.6,1,71.9,80.5,False,0.6,0.6,79.9,False
LET-2025-00408,Denial,True,337.9,3,28.7,1,61.6,82.2,False,0.3,0.7,79.7,False
LET-2025-00409,RFI,True,307.7,1,29.4,1,71.9,81.3,False,0.5,0.7,80.2,True
LET-2025-00410,RFI,True,243.9,0,15.4,1,73.2,83.9,False,0.0,0.8,82.7,True
LET-2025-00411,Status Update,True,194.4,1,14.8,1,67.3,81.3,False,0.4,0.7,83.3,True
LET-2025-00412,RFI,False,0.0,3,38.1,1,68.8,80.9,False,0.3,0.0,75.0,False
LET-2025-00413,Approval,False,0.0,1,21.3,1,67.7,83.4,False,0.2,0.0,85.7,True
LET-2025-00414,Approval,True,276.4,0,16.3,0,72.2,81.9,False,0.3,0.8,87.9,False
LET-2025-00415,Approval,False,0.0,2,24.7,1,57.0,81.5,False,0.6,0.0,86.7,False
LET-2025-00416,Approval,False,0.0,1,23.5,1,71.1,84.2,False,0.3,0.0,83.4,True
LET-2025-00417,Denial,False,0.0,3,37.4,1,65.7,82.7,False,0.1,0.0,81.5,False
LET-2025-00418,Approval,True,283.8,0,14.3,1,72.6,83.9,False,0.1,0.8,80.2,True
LET-2025-00419,RFI,True,483.0,1,18.8,1,63.2,84.9,False,0.1,0.7,84.3,True
LET-2025-00420,Approval,True,382.6,1,17.3,0,68.7,79.5,False,0.7,0.6,73.7,False
LET-2025-00421,RFI,True,440.2,1,18.3,1,68.8,85.8,False,0.1,0.8,86.4,True
LET-2025-00422,Status Update,False,0.0,1,17.3,1,72.6,79.9,False,0.5,0.0,76.5,True
LET-2025-00423,Denial,True,360.8,2,29.3,1,70.1,84.6,False,0.1,0.6,85.1,False
LET-2025-00424,Status Update,False,0.0,4,32.1,1,66.9,77.1,False,0.8,0.0,72.1,False
LET-2025-00425,Approval,True,338.8,2,23.1,1,68.8,80.4,False,0.5,0.7,79.6,False
LET-2025-00426,Denial,False,0.0,4,45.1,1,66.9,81.2,False,0.4,0.0,83.1,False
LET-2025-00427,Approval,False,0.0,3,31.3,1,68.6,78.6,False,0.8,0.0,76.1,False
LET-2025-00428,Denial,True,460.4,2,30.4,1,61.3,83.3,False,0.5,0.7,80.9,False
LET-2025-00429,Approval,True,306.1,4,24.6,1,79.5,82.1,False,0.5,0.8,81.9,False
LET-2025-00430,RFI,False,0.0,4,40.6,1,64.5,80.1,False,0.5,0.0,75.1,False
LET-2025-00431,Approval,True,319.8,4,26.1,1,67.2,78.3,False,0.6,0.5,78.4,False
LET-2025-00432,Denial,False,0.0,2,43.1,1,68.7,78.0,False,0.6,0.0,75.9,False
LET-2025-00433,RFI,True,486.1,5,44.3,1,70.6,77.3,False,1.0,0.5,78.9,False
LET-2025-00434,Approval,True,270.3,1,21.2,1,71.7,80.9,False,0.5,0.6,81.3,True
LET-2025-00435,Approval,False,0.0,4,38.5,1,63.1,79.0,False,0.7,0.0,74.5,False
LET-2025-00436,RFI,True,336.8,3,23.7,1,63.8,83.1,True,0.3,0.7,79.3,False
LET-2025-00437,Approval,True,411.9,1,24.8,1,61.1,75.9,False,0.9,0.6,73.6,True
LET-2025-00438,Status Update,True,190.2,0,13.8,1,70.8,83.0,False,0.4,0.7,84.5,True
LET-2025-00439,Approval,False,0.0,2,30.8,1,59.0,78.1,False,0.7,0.0,76.7,False
LET-2025-00440,Approval,True,308.3,0,14.1,0,77.0,81.5,False,0.3,0.8,82.9,False
LET-2025-00441,Approval,True,286.5,4,24.1,0,62.2,78.0,False,0.7,0.5,70.5,False
LET-2025-00442,Denial,True,530.3,3,32.4,0,65.2,78.0,False,0.7,0.5,76.0,False
LET-2025-00443,RFI,True,358.7,3,26.8,1,71.4,83.3,False,0.4,0.8,81.8,False
LET-2025-00444,RFI,True,412.2,5,25.8,0,66.7,81.3,False,0.4,0.7,81.2,False
LET-2025-00445,Approval,False,0.0,3,23.5,1,70.6,82.3,False,0.3,0.0,79.8,False
LET-2025-00446,Approval,True,268.8,0,15.5,1,69.6,80.0,False,0.6,0.5,78.0,True
LET-2025-00447,Approval,False,0.0,3,28.4,1,69.1,80.9,False,0.4,0.0,81.4,False
LET-2025-00448,Approval,False,0.0,1,27.9,1,67.1,80.1,False,0.5,0.0,79.8,True
LET-2025-00449,Approval,True,284.9,1,13.2,1,75.2,82.6,False,0.3,0.7,84.6,True
LET-2025-00450,Denial,True,535.5,3,40.6,1,65.8,77.3,False,0.8,0.7,71.5,False
LET-2025-00451,RFI,True,429.2,4,29.8,1,66.8,79.5,False,0.4,0.6,81.7,False
LET-2025-00452,Denial,True,402.9,0,20.1,1,75.5,84.8,False,0.1,0.9,83.2,True
LET-2025-00453,RFI,True,402.5,3,23.7,1,75.6,82.0,False,0.3,0.8,81.5,False
LET-2025-00454,Denial,False,0.0,1,41.5,1,62.8,79.7,False,0.6,0.0,74.3,True
LET-2025-00455,Approval,False,0.0,0,18.1,1,75.3,84.2,False,0.1,0.0,83.2,True
LET-2025-00456,Approval,False,0.0,2,24.7,1,68.9,83.9,False,0.3,0.0,81.8,False
LET-2025-00457,Approval,True,252.8,2,23.4,1,74.7,81.8,False,0.5,0.7,79.6,False
LET-2025-00458,RFI,False,0.0,3,46.7,1,66.7,80.3,False,0.7,0.0,73.7,False
LET-2025-00459,Approval,False,0.0,3,32.7,1,71.4,79.7,False,0.6,0.0,77.4,False
LET-2025-00460,RFI,True,445.5,0,30.1,1,64.3,78.4,True,0.8,0.7,69.6,True
LET-2025-00461,RFI,True,381.1,5,33.5,1,77.9,80.0,False,0.6,0.8,75.2,False
LET-2025-00462,Approval,True,276.1,2,18.6,1,75.7,83.4,False,0.3,0.8,84.8,False
LET-2025-00463,Approval,True,258.0,2,15.4,1,70.1,81.1,False,0.4,0.6,78.6,False
LET-2025-00464,RFI,False,0.0,1,34.6,1,62.3,83.4,False,0.3,0.0,82.9,True
LET-2025-00465,RFI,True,440.2,1,15.8,1,76.0,83.8,True,0.2,0.7,77.0,True
LET-2025-00466,RFI,False,0.0,4,39.4,1,75.0,79.7,False,0.6,0.0,79.0,False
LET-2025-00467,Approval,True,219.7,3,17.8,0,64.4,83.2,False,0.3,0.9,82.3,False
LET-2025-00468,Denial,True,361.6,5,31.2,1,79.6,82.6,False,0.4,0.8,77.7,False
LET-2025-00469,Approval,True,345.6,1,11.6,1,53.5,84.5,False,0.1,0.8,84.9,True
LET-2025-00470,Denial,True,339.3,0,16.5,1,64.7,85.4,False,0.1,0.6,85.2,True
LET-2025-00471,RFI,True,418.0,1,28.0,0,79.2,83.8,False,0.3,0.8,84.4,False
LET-2025-00472,Approval,False,0.0,2,31.5,1,69.3,84.1,False,0.3,0.0,80.0,False
LET-2025-00473,Approval,True,303.5,3,26.2,1,71.9,79.8,False,0.7,0.6,80.6,False
LET-2025-00474,Approval,False,0.0,2,26.8,1,73.1,78.4,False,0.6,0.0,77.6,False
LET-2025-00475,RFI,False,0.0,2,33.8,1,63.7,82.1,False,0.3,0.0,81.5,False
LET-2025-00476,Approval,True,235.6,2,20.9,1,69.9,81.1,False,0.5,0.7,85.0,False
LET-2025-00477,Denial,True,461.7,2,31.3,1,74.5,81.9,False,0.5,0.7,79.2,False
LET-2025-00478,Approval,True,256.3,2,14.4,1,72.6,83.9,False,0.2,0.6,87.6,False
LET-2025-00479,Denial,True,537.0,2,28.1,1,68.2,79.4,False,0.6,0.7,78.6,False
LET-2025-00480,Denial,False,0.0,3,41.8,1,60.5,79.6,False,0.6,0.0,73.6,False
LET-2025-00481,Approval,True,302.1,2,26.8,1,68.6,76.4,False,0.8,0.7,78.8,False
LET-2025-00482,Denial,True,379.3,3,22.9,1,76.6,84.8,False,0.1,0.8,80.6,False
LET-2025-00483,Approval,True,294.1,4,29.2,0,67.6,81.5,False,0.7,0.7,76.8,False
LET-2025-00484,Approval,True,235.3,1,19.0,1,67.5,83.8,True,0.2,0.6,77.0,True
LET-2025-00485,Denial,False,0.0,0,32.6,1,71.5,84.7,False,0.1,0.0,85.8,True
LET-2025-00486,Status Update,False,0.0,2,16.9,1,65.0,81.9,False,0.3,0.0,81.9,False
LET-2025-00487,Approval,False,0.0,1,20.0,1,67.8,85.2,False,0.0,0.0,88.0,True
LET-2025-00488,Denial,False,0.0,3,31.9,0,69.0,84.7,False,0.0,0.0,77.7,False
LET-2025-00489,Denial,False,0.0,1,34.9,1,61.8,83.1,False,0.4,0.0,81.2,True
LET-2025-00490,RFI,True,434.6,2,33.7,1,65.9,79.9,False,0.5,0.6,80.6,False
LET-2025-00491,Denial,True,388.8,2,22.0,1,77.2,84.1,False,0.2,0.9,83.6,False
LET-2025-00492,Status Update,True,201.3,1,23.1,0,64.9,77.9,False,0.9,0.5,76.7,False
LET-2025-00493,Denial,False,0.0,3,35.8,0,69.5,84.4,False,0.2,0.0,80.9,False
LET-2025-00494,Approval,False,0.0,3,32.9,1,65.0,79.1,False,0.6,0.0,79.0,False
LET-2025-00495,RFI,False,0.0,3,31.9,1,67.5,85.0,False,0.3,0.0,87.4,False
LET-2025-00496,Status Update,True,197.5,1,13.3,1,74.9,85.0,False,0.2,0.8,86.4,True
LET-2025-00497,Status Update,False,0.0,1,15.3,1,77.5,83.0,False,0.2,0.0,89.6,True
LET-2025-00498,Approval,False,0.0,4,26.9,1,68.1,81.8,False,0.3,0.0,81.9,False
LET-2025-00499,Denial,True,426.4,4,38.1,0,63.9,78.8,False,0.8,0.6,73.9,False
LET-2025-00500,Approval,False,0.0,0,23.7,1,69.8,85.8,False,0.1,0.0,90.9,True
LET-2025-00501,Approval,False,0.0,3,25.8,0,85.1,83.7,False,0.2,0.0,83.1,False
LET-2025-00502,RFI,True,406.8,1,31.2,1,66.5,80.6,False,0.5,0.7,75.7,True
LET-2025-00503,Denial,True,428.6,2,28.2,1,62.2,83.0,False,0.4,0.7,81.5,False
LET-2025-00504,RFI,True,283.4,4,24.3,0,66.2,84.4,False,0.1,0.7,81.9,False
LET-2025-00505,Approval,True,337.6,0,14.4,0,65.6,84.5,False,0.3,0.6,90.1,False
LET-2025-00506,RFI,True,415.5,3,37.6,1,74.9,81.2,False,0.6,0.7,80.9,False
LET-2025-00507,Denial,True,531.1,5,44.3,1,67.1,77.2,False,0.8,0.8,74.0,False
LET-2025-00508,RFI,True,433.2,1,25.8,1,75.1,84.3,False,0.4,0.7,84.3,True
LET-2025-00509,Status Update,True,252.5,1,16.0,0,59.6,81.4,False,0.6,0.5,81.5,False
LET-2025-00510,Status Update,False,0.0,0,18.6,1,69.8,80.7,False,0.5,0.0,83.4,True
LET-2025-00511,Approval,True,327.4,4,26.2,1,74.9,81.8,False,0.4,0.7,80.7,False
LET-2025-00512,Approval,False,0.0,2,26.5,0,67.5,81.6,False,0.4,0.0,81.7,False
LET-2025-00513,Approval,False,0.0,1,23.1,1,67.2,84.5,False,0.3,0.0,87.6,True
LET-2025-00514,Approval,True,328.3,1,17.9,1,64.1,82.9,False,0.2,0.8,79.9,True
LET-2025-00515,Denial,True,428.9,4,31.1,1,71.4,79.6,False,0.6,0.6,73.8,False
LET-2025-00516,Approval,True,374.5,3,27.6,1,71.9,80.0,False,0.7,0.6,78.2,False
LET-2025-00517,Approval,True,264.0,0,17.7,1,70.3,82.9,True,0.3,0.8,79.4,True
LET-2025-00518,Approval,True,289.0,0,23.9,1,66.2,80.9,False,0.4,0.7,82.9,True
LET-2025-00519,Approval,False,0.0,1,24.2,1,72.9,82.6,False,0.4,0.0,81.2,True
LET-2025-00520,Status Update,False,0.0,4,30.7,1,64.5,80.6,True,0.5,0.0,69.0,False
LET-2025-00521,Denial,True,510.1,2,29.3,0,68.6,80.4,False,0.7,0.4,76.6,False
LET-2025-00522,Approval,True,298.1,2,21.3,1,66.9,82.9,False,0.3,0.8,85.5,False
LET-2025-00523,RFI,True,362.3,1,30.5,1,72.7,81.3,False,0.6,0.7,78.4,True
LET-2025-00524,RFI,False,0.0,2,38.1,1,69.6,81.7,False,0.4,0.0,75.9,False
LET-2025-00525,Denial,True,423.9,4,31.5,0,78.5,84.2,False,0.2,0.7,78.2,False
LET-2025-00526,RFI,False,0.0,2,31.4,1,57.7,84.1,False,0.1,0.0,81.0,False
LET-2025-00527,Approval,True,230.0,2,21.2,1,80.2,84.1,False,0.3,0.7,84.7,False
LET-2025-00528,Denial,True,366.8,0,28.6,1,65.5,83.6,False,0.3,0.7,84.4,True
LET-2025-00529,Denial,True,429.6,0,26.3,1,71.1,84.6,False,0.3,0.7,79.0,True
LET-2025-00530,Status Update,True,182.8,2,19.1,1,71.0,84.9,False,0.2,0.8,82.9,False
LET-2025-00531,Approval,True,250.0,2,27.9,1,64.8,78.2,True,0.8,0.5,70.3,False
LET-2025-00532,Denial,False,0.0,4,41.8,1,68.6,78.3,False,0.6,0.0,76.9,False
LET-2025-00533,Approval,True,298.2,2,21.7,1,70.9,79.7,False,0.5,0.6,74.1,False
LET-2025-00534,Status Update,False,0.0,0,24.4,1,72.1,79.0,False,0.7,0.0,79.7,True
LET-2025-00535,RFI,False,0.0,2,39.9,1,73.3,78.8,False,0.6,0.0,72.0,False
LET-2025-00536,Approval,True,258.2,1,13.6,1,74.7,84.0,False,0.2,0.7,82.6,True
LET-2025-00537,RFI,True,381.8,4,24.5,1,65.5,84.5,False,0.4,0.7,81.1,False
LET-2025-00538,Denial,False,0.0,2,40.2,0,68.0,82.5,False,0.3,0.0,79.3,False
LET-2025-00539,RFI,True,333.8,1,27.8,1,72.2,84.0,False,0.2,0.7,85.5,True
LET-2025-00540,Denial,False,0.0,6,44.6,1,73.4,84.4,False,0.4,0.0,76.0,False
LET-2025-00541,Denial,False,0.0,3,43.3,1,68.6,77.7,False,0.6,0.0,71.9,False
LET-2025-00542,Approval,True,338.1,0,21.0,0,66.9,82.7,False,0.4,0.7,85.2,False
LET-2025-00543,Approval,False,0.0,2,24.2,0,63.2,81.3,False,0.4,0.0,79.5,False
LET-2025-00544,Approval,True,275.2,1,22.7,1,68.4,83.9,False,0.3,0.8,82.9,True
LET-2025-00545,Denial,True,531.4,2,29.4,1,73.5,82.5,False,0.4,0.6,81.5,False
LET-2025-00546,Approval,False,0.0,3,31.5,1,57.5,80.3,False,0.6,0.0,81.2,False
LET-2025-00547,Status Update,False,0.0,2,19.8,1,67.7,83.6,False,0.3,0.0,80.9,False
LET-2025-00548,Approval,False,0.0,3,27.5,0,74.8,79.8,False,0.6,0.0,79.6,False
LET-2025-00549,Denial,False,0.0,2,36.2,1,57.7,81.7,False,0.4,0.0,81.7,False
LET-2025-00550,Approval,True,269.6,0,21.6,1,69.1,79.8,False,0.6,0.7,76.1,True
LET-2025-00551,Approval,True,309.0,3,17.6,1,64.6,83.7,False,0.3,0.7,82.5,False
LET-2025-00552,Approval,True,318.4,0,13.4,1,72.4,83.8,False,0.3,0.7,82.2,True
LET-2025-00553,RFI,True,447.4,2,24.0,1,69.8,81.3,False,0.4,0.6,82.6,False
LET-2025-00554,RFI,True,391.0,5,32.5,1,61.4,80.3,False,0.5,0.7,78.0,False
LET-2025-00555,Approval,False,0.0,3,26.2,1,65.3,82.6,False,0.4,0.0,80.3,False
LET-2025-00556,Status Update,True,201.9,0,10.8,1,71.3,82.0,False,0.3,0.8,80.3,True
LET-2025-00557,Approval,True,237.6,2,19.1,1,63.5,84.9,False,0.2,0.8,84.5,False
LET-2025-00558,Denial,True,334.4,2,28.5,1,73.7,84.3,False,0.4,0.6,81.1,False
LET-2025-00559,RFI,True,385.7,3,30.3,1,73.2,80.3,False,0.4,0.7,78.8,False
LET-2025-00560,Denial,False,0.0,4,44.2,1,61.9,81.4,False,0.4,0.0,75.8,False
LET-2025-00561,Denial,True,377.7,0,26.9,0,62.7,81.4,False,0.4,0.8,82.1,False
LET-2025-00562,RFI,False,0.0,4,36.1,1,71.5,82.2,False,0.3,0.0,80.5,False
LET-2025-00563,Approval,True,304.2,2,16.6,1,69.8,83.2,False,0.2,0.6,85.1,False
LET-2025-00564,RFI,True,287.9,0,24.1,1,75.3,84.0,False,0.1,0.8,83.9,True
LET-2025-00565,Approval,True,271.7,0,17.3,1,76.1,80.5,False,0.4,0.8,82.9,True
LET-2025-00566,Denial,False,0.0,2,44.7,1,66.1,80.3,False,0.6,0.0,74.8,False
LET-2025-00567,Approval,True,242.2,1,18.3,1,71.4,81.5,False,0.4,0.8,87.9,True
LET-2025-00568,Denial,False,0.0,5,51.2,1,68.9,79.5,False,0.8,0.0,69.7,False
LET-2025-00569,Status Update,False,0.0,1,15.7,0,62.3,84.4,False,0.1,0.0,85.0,False
LET-2025-00570,RFI,False,0.0,10,50.4,0,66.6,78.8,False,0.7,0.0,73.9,False
LET-2025-00571,Approval,True,304.7,2,21.0,1,65.6,81.8,False,0.4,0.7,84.3,False
LET-2025-00572,RFI,True,432.3,1,30.3,1,67.8,82.1,False,0.4,0.8,78.0,True
LET-2025-00573,Approval,True,322.9,1,20.7,0,62.0,80.0,False,0.7,0.5,78.6,False
LET-2025-00574,Denial,True,494.8,4,31.6,1,67.3,80.6,False,0.5,0.8,77.4,False
LET-2025-00575,Denial,False,0.0,4,46.3,1,78.5,82.0,False,0.4,0.0,83.8,False
LET-2025-00576,Approval,False,0.0,3,33.3,1,65.7,78.4,False,0.7,0.0,78.1,False
LET-2025-00577,Approval,False,0.0,1,21.4,0,70.1,83.0,False,0.4,0.0,83.0,False
LET-2025-00578,RFI,False,0.0,3,32.3,1,62.8,84.8,False,0.2,0.0,81.6,False
LET-2025-00579,Denial,True,547.6,5,42.3,0,68.1,78.9,False,0.8,0.7,76.5,False
LET-2025-00580,Denial,True,464.2,4,41.0,1,67.2,77.7,False,0.7,0.7,75.2,False
LET-2025-00581,Approval,True,243.2,3,16.3,0,71.4,81.0,False,0.4,0.7,84.0,False
LET-2025-00582,RFI,True,364.1,4,33.4,1,66.4,79.2,False,0.6,0.6,79.4,False
LET-2025-00583,Approval,True,318.4,2,19.0,0,62.4,82.1,False,0.4,0.8,81.9,False
LET-2025-00584,Denial,False,0.0,5,43.1,1,65.6,82.0,False,0.5,0.0,76.7,False
LET-2025-00585,Denial,True,542.3,4,33.4,1,63.6,83.9,False,0.3,0.7,75.0,False
LET-2025-00586,RFI,True,367.6,3,26.1,1,62.2,82.6,False,0.2,0.7,78.8,False
LET-2025-00587,Approval,True,280.1,3,22.0,1,70.6,83.3,False,0.3,0.7,76.8,False
LET-2025-00588,RFI,True,544.2,1,24.5,0,65.0,80.8,False,0.4,0.8,80.9,False
LET-2025-00589,Approval,False,0.0,1,21.1,1,62.3,82.5,False,0.3,0.0,83.5,True
LET-2025-00590,Approval,True,233.8,3,15.2,1,75.8,82.2,False,0.5,0.6,83.7,False
LET-2025-00591,Approval,False,0.0,1,27.8,1,61.6,78.7,False,0.6,0.0,76.2,True
LET-2025-00592,RFI,False,0.0,1,34.8,1,69.2,79.6,False,0.5,0.0,75.5,True
LET-2025-00593,Denial,True,445.8,4,39.4,1,57.7,79.2,False,0.6,0.5,77.3,False
LET-2025-00594,Approval,True,233.5,1,13.3,1,76.9,84.2,False,0.2,0.8,84.3,True
LET-2025-00595,Approval,True,343.0,1,19.7,1,70.9,81.6,False,0.5,0.6,84.9,True
LET-2025-00596,Approval,True,344.5,5,21.0,1,75.1,83.5,False,0.3,0.8,81.4,False
LET-2025-00597,Approval,True,236.8,1,17.8,1,69.3,84.2,False,0.3,0.6,86.9,True
LET-2025-00598,Status Update,False,0.0,0,13.9,1,65.4,85.6,False,0.2,0.0,83.8,True
LET-2025-00599,Approval,True,338.7,1,20.8,1,58.9,81.5,False,0.4,0.8,80.1,True
LET-2025-00600,Approval,False,0.0,3,22.4,1,77.6,84.2,False,0.1,0.0,81.9,False
LET-2025-00601,Approval,False,0.0,4,27.3,1,75.9,83.9,False,0.2,0.0,79.6,False
LET-2025-00602,Approval,True,180.2,2,14.9,1,68.8,87.1,False,0.2,0.8,88.6,False
LET-2025-00603,RFI,False,0.0,2,29.2,1,78.0,85.2,False,0.1,0.0,80.6,False
LET-2025-00604,Denial,False,0.0,8,54.5,1,62.1,78.8,False,0.7,0.0,68.0,False
LET-2025-00605,RFI,False,0.0,7,47.0,0,65.0,79.6,False,0.6,0.0,71.0,False
LET-2025-00606,RFI,False,0.0,3,37.9,1,65.5,82.9,False,0.4,0.0,82.0,False
LET-2025-00607,Approval,True,234.8,3,18.0,1,71.2,81.7,False,0.4,0.6,80.6,False
LET-2025-00608,Approval,True,236.3,0,10.4,1,70.6,84.9,False,0.1,0.8,83.4,True
LET-2025-00609,Approval,True,372.5,0,14.1,1,73.4,83.5,False,0.1,0.8,83.4,True
LET-2025-00610,Denial,False,0.0,1,34.8,1,68.4,83.9,False,0.2,0.0,80.4,True
LET-2025-00611,Approval,True,242.3,1,15.2,1,72.2,80.5,False,0.5,0.6,78.9,True
LET-2025-00612,Approval,True,311.8,0,20.5,1,69.7,81.9,False,0.4,0.7,86.7,True
LET-2025-00613,Status Update,True,189.9,1,13.5,1,70.7,82.0,False,0.4,0.7,81.3,True
LET-2025-00614,Approval,True,263.0,1,13.1,1,75.4,85.4,False,0.1,0.8,82.0,True
LET-2025-00615,Approval,True,358.7,0,23.4,1,61.6,79.3,False,0.6,0.7,76.4,True
LET-2025-00616,Approval,True,312.1,4,28.3,1,69.8,81.0,False,0.6,0.7,81.7,False
LET-2025-00617,Denial,True,502.5,3,37.3,1,74.4,80.1,False,0.7,0.8,77.3,False
LET-2025-00618,Approval,True,254.1,3,23.8,1,62.1,82.9,False,0.4,0.8,83.3,False
LET-2025-00619,Status Update,True,222.1,0,11.6,1,58.9,80.2,False,0.4,0.7,79.5,True
LET-2025-00620,Denial,True,343.9,1,25.4,1,70.0,84.2,False,0.1,0.8,83.8,True
LET-2025-00621,Approval,False,0.0,4,26.9,1,70.8,83.8,False,0.2,0.0,82.6,False
LET-2025-00622,Approval,False,0.0,3,20.3,1,69.5,84.9,False,0.3,0.0,90.3,False
LET-2025-00623,RFI,True,385.8,3,27.8,1,80.3,81.6,False,0.5,0.7,81.2,False
LET-2025-00624,Denial,True,482.7,4,27.8,1,62.4,80.3,False,0.5,0.7,74.3,False
LET-2025-00625,Approval,False,0.0,1,27.2,1,74.2,84.1,False,0.3,0.0,77.1,True
LET-2025-00626,Denial,True,518.7,1,27.1,1,76.7,81.2,False,0.3,0.6,76.0,True
LET-2025-00627,Approval,False,0.0,3,25.5,1,74.9,83.9,False,0.3,0.0,85.0,False
LET-2025-00628,Denial,True,453.8,0,33.5,1,59.2,83.4,False,0.3,0.7,83.3,True
LET-2025-00629,Denial,False,0.0,4,35.9,1,69.3,84.9,False,0.2,0.0,83.6,False
LET-2025-00630,RFI,True,286.2,1,28.0,1,68.9,81.2,False,0.3,0.6,80.4,True
LET-2025-00631,RFI,False,0.0,0,40.8,1,67.6,79.0,False,0.6,0.0,69.3,True
LET-2025-00632,RFI,False,0.0,2,43.7,1,66.0,78.9,False,0.8,0.0,78.0,False
LET-2025-00633,RFI,True,503.4,3,27.4,1,60.4,81.5,False,0.5,0.6,82.7,False
LET-2025-00634,Approval,True,373.3,0,23.1,1,71.7,78.2,False,0.7,0.6,81.0,True
LET-2025-00635,RFI,True,382.4,2,20.2,1,67.7,83.0,False,0.2,0.7,84.3,False
LET-2025-00636,Approval,True,260.0,0,13.9,1,79.3,85.8,False,0.1,0.8,87.5,True
LET-2025-00637,Approval,False,0.0,3,26.2,1,69.5,80.9,False,0.4,0.0,76.6,False
LET-2025-00638,RFI,False,0.0,2,43.7,1,67.6,79.3,False,0.8,0.0,73.9,False
LET-2025-00639,Approval,True,234.7,2,10.4,1,68.5,85.9,False,0.1,0.7,86.3,False
LET-2025-00640,Denial,True,418.4,2,28.2,1,63.8,80.9,False,0.4,0.7,77.3,False
LET-2025-00641,Approval,True,380.8,1,23.4,1,70.2,76.4,False,0.8,0.7,75.7,True
LET-2025-00642,Approval,True,279.6,0,19.9,1,65.2,80.9,False,0.7,0.6,79.0,True
LET-2025-00643,Denial,True,504.8,3,31.5,0,68.9,82.0,False,0.4,0.6,80.4,False
LET-2025-00644,RFI,True,324.4,3,35.0,1,64.0,80.2,False,0.6,0.8,78.9,False
LET-2025-00645,RFI,False,0.0,0,34.9,1,75.3,80.7,False,0.5,0.0,79.0,True
LET-2025-00646,RFI,True,504.2,2,33.8,1,57.1,80.3,False,0.6,0.6,77.5,False
LET-2025-00647,Denial,True,524.2,6,43.7,0,61.0,78.2,False,0.7,0.9,72.8,False
LET-2025-00648,RFI,True,462.7,0,36.4,1,61.6,78.3,False,0.7,0.6,67.9,True
LET-2025-00649,Status Update,True,266.3,0,19.8,1,74.9,76.6,False,0.9,0.6,76.0,True
LET-2025-00650,Status Update,False,0.0,0,21.3,0,67.6,82.5,False,0.3,0.0,80.0,False
LET-2025-00651,Approval,True,387.0,2,19.6,1,65.4,79.0,False,0.6,0.7,76.5,False
LET-2025-00652,Status Update,True,230.7,0,18.5,1,69.0,81.7,False,0.3,0.9,82.7,True
LET-2025-00653,Approval,False,0.0,1,29.0,1,68.7,78.3,False,0.6,0.0,78.4,True
LET-2025-00654,Denial,True,329.8,1,26.6,1,74.4,84.0,False,0.2,0.8,81.9,True
LET-2025-00655,Denial,True,392.6,2,32.1,1,79.5,81.7,False,0.3,0.6,77.3,False
LET-2025-00656,Denial,True,467.2,2,32.3,1,63.5,81.4,False,0.6,0.6,78.2,False
LET-2025-00657,RFI,False,0.0,2,37.4,1,61.2,82.0,False,0.3,0.0,81.8,False
LET-2025-00658,Denial,True,442.5,4,29.9,1,72.4,84.1,False,0.2,0.8,77.7,False
LET-2025-00659,Denial,True,352.4,3,32.2,1,66.2,83.2,False,0.4,0.6,80.8,False
LET-2025-00660,Status Update,True,171.6,0,16.1,1,69.5,82.4,False,0.4,0.6,81.0,True
LET-2025-00661,RFI,True,398.9,0,27.0,1,66.3,82.6,False,0.4,0.5,84.0,True
LET-2025-00662,Approval,True,225.4,2,16.6,1,69.9,85.9,False,0.1,0.8,83.8,False
LET-2025-00663,Approval,False,0.0,5,31.1,1,74.2,83.2,False,0.4,0.0,79.3,False
LET-2025-00664,Denial,False,0.0,2,37.9,1,64.2,84.1,False,0.1,0.0,85.2,False
LET-2025-00665,Denial,True,319.3,3,24.7,0,71.1,81.3,False,0.5,0.5,80.4,False
LET-2025-00666,Approval,True,286.3,2,17.2,1,75.2,84.4,False,0.1,0.8,85.3,False
LET-2025-00667,Approval,False,0.0,3,26.3,1,65.2,80.6,False,0.4,0.0,77.9,False
LET-2025-00668,Denial,True,387.5,1,23.0,1,62.5,83.9,False,0.2,0.8,84.6,True
LET-2025-00669,Approval,False,0.0,2,24.6,1,73.0,83.4,False,0.3,0.0,86.0,False
LET-2025-00670,RFI,False,0.0,4,32.5,1,67.4,84.8,False,0.1,0.0,84.0,False
LET-2025-00671,RFI,True,342.6,2,24.6,1,69.8,82.7,False,0.2,0.8,78.4,False
LET-2025-00672,RFI,False,0.0,2,35.9,1,62.3,82.5,False,0.2,0.0,80.3,False
LET-2025-00673,RFI,True,385.9,1,26.3,0,66.3,84.4,False,0.3,0.7,84.8,False
LET-2025-00674,RFI,True,456.8,3,42.0,0,61.7,80.7,False,0.6,0.7,82.2,False
LET-2025-00675,Status Update,True,187.2,2,23.2,1,68.9,80.4,False,0.7,0.7,81.3,False
LET-2025-00676,Approval,True,313.3,0,13.0,1,66.8,85.4,False,0.1,0.8,88.5,True
LET-2025-00677,Denial,True,284.7,0,28.1,1,71.7,85.5,False,0.2,0.6,86.5,True
LET-2025-00678,Approval,True,339.0,1,26.8,1,65.1,79.7,False,0.7,0.6,83.4,True
LET-2025-00679,RFI,True,406.7,3,28.8,1,64.1,81.4,False,0.4,0.8,77.5,False
LET-2025-00680,Approval,False,0.0,2,25.0,1,71.0,82.0,False,0.3,0.0,78.8,False
LET-2025-00681,RFI,True,329.9,2,27.9,1,78.5,82.6,False,0.5,0.7,81.2,False
LET-2025-00682,Approval,True,347.8,0,29.1,1,67.6,79.9,False,0.7,0.6,76.3,True
LET-2025-00683,Denial,True,407.8,6,30.3,1,75.0,83.6,False,0.3,0.7,84.8,False
LET-2025-00684,RFI,False,0.0,2,38.9,0,74.8,81.6,False,0.4,0.0,82.4,False
LET-2025-00685,Denial,False,0.0,3,52.3,1,63.5,77.3,False,0.7,0.0,75.5,False
LET-2025-00686,Approval,True,326.5,1,20.3,1,67.5,79.2,False,0.6,0.6,80.1,True
LET-2025-00687,Denial,False,0.0,2,46.9,1,59.2,82.9,False,0.5,0.0,80.1,False
LET-2025-00688,RFI,False,0.0,4,41.0,0,64.8,82.4,False,0.4,0.0,79.9,False
LET-2025-00689,Denial,True,525.1,2,31.8,0,59.9,82.0,False,0.4,0.8,76.6,False
LET-2025-00690,Approval,True,291.9,1,14.8,0,66.5,85.3,False,0.2,0.6,87.3,False
LET-2025-00691,Denial,False,0.0,3,49.6,1,74.5,80.5,False,0.8,0.0,73.1,False
LET-2025-00692,Approval,True,310.2,0,11.3,1,70.9,83.2,False,0.2,0.8,75.6,True
LET-2025-00693,Approval,True,327.6,2,14.2,1,63.9,81.4,False,0.2,0.7,82.8,False
LET-2025-00694,RFI,False,0.0,1,28.2,1,74.1,85.3,False,0.1,0.0,82.8,True
LET-2025-00695,Approval,False,0.0,1,34.8,1,60.8,79.4,False,0.6,0.0,76.4,True
LET-2025-00696,Denial,True,441.3,2,33.6,1,67.3,83.3,False,0.4,0.6,83.5,False
LET-2025-00697,Approval,True,291.3,2,19.6,1,68.3,83.8,False,0.2,0.5,86.3,False
LET-2025-00698,RFI,True,294.5,0,23.2,1,77.4,86.1,False,0.2,0.8,89.8,True
LET-2025-00699,Approval,True,382.0,0,18.7,1,68.1,80.6,False,0.6,0.8,82.2,True
LET-2025-00700,RFI,False,0.0,4,49.5,1,64.4,79.0,False,0.7,0.0,74.2,False
LET-2025-00701,Approval,False,0.0,1,33.9,1,57.0,80.2,False,0.6,0.0,80.3,True
LET-2025-00702,RFI,False,0.0,3,29.2,1,68.7,84.8,False,0.1,0.0,82.6,False
LET-2025-00703,Status Update,True,194.1,0,11.0,1,65.4,85.2,False,0.1,0.9,82.2,True
LET-2025-00704,Approval,True,302.8,0,25.8,1,66.2,79.2,False,0.7,0.7,78.6,True
LET-2025-00705,Approval,True,197.3,0,12.1,1,67.3,85.6,False,0.1,0.8,86.8,True
LET-2025-00706,Approval,True,360.3,4,23.6,1,62.8,78.5,False,0.6,0.7,73.4,False
LET-2025-00707,RFI,False,0.0,5,43.3,1,68.7,78.5,False,0.6,0.0,73.2,False
LET-2025-00708,Denial,True,541.4,4,41.6,1,61.5,77.7,False,0.8,0.6,71.5,False
LET-2025-00709,Approval,False,0.0,1,25.5,1,73.2,81.2,False,0.5,0.0,79.2,True
LET-2025-00710,Denial,False,0.0,1,26.7,1,68.9,86.0,False,0.0,0.0,78.9,True
LET-2025-00711,Approval,True,367.2,1,17.4,1,64.6,81.5,False,0.5,0.6,79.0,True
LET-2025-00712,RFI,True,467.6,2,28.9,1,75.8,82.6,False,0.4,0.6,76.5,False
LET-2025-00713,Approval,False,0.0,2,25.5,1,62.5,84.4,False,0.2,0.0,80.8,False
LET-2025-00714,RFI,False,0.0,1,32.0,1,78.3,83.9,False,0.3,0.0,86.8,True
LET-2025-00715,RFI,True,393.4,2,23.6,0,67.9,83.5,False,0.3,0.8,76.6,False
LET-2025-00716,RFI,True,265.8,4,24.1,0,66.7,84.7,False,0.2,0.7,84.1,False
LET-2025-00717,Approval,True,345.6,1,23.7,1,68.6,81.9,False,0.5,0.7,81.2,True
LET-2025-00718,Approval,True,279.6,0,23.9,1,67.3,79.5,False,0.7,0.8,78.6,True
LET-2025-00719,RFI,True,370.9,2,23.0,1,66.3,78.9,False,0.5,0.7,76.3,False
LET-2025-00720,RFI,True,368.1,4,42.8,1,77.7,78.5,False,0.8,0.6,69.3,False
